sample_id,ancestry
ANC_0000,East_Asian
ANC_0001,African
ANC_0002,East_Asian
ANC_0003,East_Asian
ANC_0004,European
ANC_0005,European
ANC_0006,South_Asian
ANC_0007,South_Asian
ANC_0008,South_Asian
ANC_0009,East_Asian
ANC_0010,East_Asian
ANC_0011,East_Asian
ANC_0012,African
ANC_0013,African
ANC_0014,European
ANC_0015,African
ANC_0016,European
ANC_0017,South_Asian
ANC_0018,European
ANC_0019,Native_American
ANC_0020,European
ANC_0021,European
ANC_0022,Native_American
ANC_0023,East_Asian
ANC_0024,European
ANC_0025,East_Asian
ANC_0026,South_Asian
ANC_0027,South_Asian
ANC_0028,East_Asian
ANC_0029,Native_American
ANC_0030,Native_American
ANC_0031,Native_American
ANC_0032,European
ANC_0033,South_Asian
ANC_0034,South_Asian
ANC_0035,South_Asian
ANC_0036,Native_American
ANC_0037,African
ANC_0038,European
ANC_0039,European
ANC_0040,African
ANC_0041,European
ANC_0042,East_Asian
ANC_0043,East_Asian
ANC_0044,European
ANC_0045,African
ANC_0046,Native_American
ANC_0047,South_Asian
ANC_0048,European
ANC_0049,South_Asian
ANC_0050,European
ANC_0051,East_Asian
ANC_0052,East_Asian
ANC_0053,Native_American
ANC_0054,South_Asian
ANC_0055,East_Asian
ANC_0056,South_Asian
ANC_0057,East_Asian
ANC_0058,South_Asian
ANC_0059,South_Asian
ANC_0060,South_Asian
ANC_0061,European
ANC_0062,South_Asian
ANC_0063,Native_American
ANC_0064,East_Asian
ANC_0065,East_Asian
ANC_0066,African
ANC_0067,African
ANC_0068,South_Asian
ANC_0069,European
ANC_0070,South_Asian
ANC_0071,South_Asian
ANC_0072,East_Asian
ANC_0073,European
ANC_0074,European
ANC_0075,European
ANC_0076,African
ANC_0077,East_Asian
ANC_0078,East_Asian
ANC_0079,African
ANC_0080,African
ANC_0081,East_Asian
ANC_0082,Native_American
ANC_0083,Native_American
ANC_0084,African
ANC_0085,East_Asian
ANC_0086,South_Asian
ANC_0087,European
ANC_0088,African
ANC_0089,East_Asian
ANC_0090,East_Asian
ANC_0091,South_Asian
ANC_0092,Native_American
ANC_0093,Native_American
ANC_0094,East_Asian
ANC_0095,African
ANC_0096,African
ANC_0097,East_Asian
ANC_0098,African
ANC_0099,East_Asian
ANC_0100,African
ANC_0101,East_Asian
ANC_0102,African
ANC_0103,Native_American
ANC_0104,Native_American
ANC_0105,African
ANC_0106,African
ANC_0107,East_Asian
ANC_0108,South_Asian
ANC_0109,African
ANC_0110,African
ANC_0111,Native_American
ANC_0112,East_Asian
ANC_0113,Native_American
ANC_0114,European
ANC_0115,Native_American
ANC_0116,East_Asian
ANC_0117,East_Asian
ANC_0118,South_Asian
ANC_0119,South_Asian
ANC_0120,East_Asian
ANC_0121,East_Asian
ANC_0122,East_Asian
ANC_0123,East_Asian
ANC_0124,South_Asian
ANC_0125,South_Asian
ANC_0126,South_Asian
ANC_0127,East_Asian
ANC_0128,Native_American
ANC_0129,East_Asian
ANC_0130,Native_American
ANC_0131,Native_American
ANC_0132,Native_American
ANC_0133,South_Asian
ANC_0134,European
ANC_0135,European
ANC_0136,European
ANC_0137,European
ANC_0138,African
ANC_0139,European
ANC_0140,South_Asian
ANC_0141,Native_American
ANC_0142,African
ANC_0143,European
ANC_0144,Native_American
ANC_0145,European
ANC_0146,South_Asian
ANC_0147,Native_American
ANC_0148,European
ANC_0149,South_Asian
ANC_0150,South_Asian
ANC_0151,South_Asian
ANC_0152,African
ANC_0153,African
ANC_0154,Native_American
ANC_0155,European
ANC_0156,East_Asian
ANC_0157,African
ANC_0158,African
ANC_0159,European
ANC_0160,Native_American
ANC_0161,African
ANC_0162,European
ANC_0163,South_Asian
ANC_0164,African
ANC_0165,East_Asian
ANC_0166,South_Asian
ANC_0167,European
ANC_0168,East_Asian
ANC_0169,East_Asian
ANC_0170,East_Asian
ANC_0171,Native_American
ANC_0172,East_Asian
ANC_0173,South_Asian
ANC_0174,South_Asian
ANC_0175,African
ANC_0176,East_Asian
ANC_0177,European
ANC_0178,South_Asian
ANC_0179,African
ANC_0180,Native_American
ANC_0181,European
ANC_0182,South_Asian
ANC_0183,Native_American
ANC_0184,East_Asian
ANC_0185,South_Asian
ANC_0186,European
ANC_0187,Native_American
ANC_0188,Native_American
ANC_0189,African
ANC_0190,East_Asian
ANC_0191,European
ANC_0192,South_Asian
ANC_0193,East_Asian
ANC_0194,South_Asian
ANC_0195,South_Asian
ANC_0196,European
ANC_0197,European
ANC_0198,South_Asian
ANC_0199,African
ANC_0200,Native_American
ANC_0201,African
ANC_0202,East_Asian
ANC_0203,African
ANC_0204,European
ANC_0205,African
ANC_0206,Native_American
ANC_0207,East_Asian
ANC_0208,East_Asian
ANC_0209,Native_American
ANC_0210,South_Asian
ANC_0211,East_Asian
ANC_0212,African
ANC_0213,African
ANC_0214,African
ANC_0215,East_Asian
ANC_0216,Native_American
ANC_0217,East_Asian
ANC_0218,East_Asian
ANC_0219,East_Asian
ANC_0220,South_Asian
ANC_0221,Native_American
ANC_0222,European
ANC_0223,East_Asian
ANC_0224,African
ANC_0225,South_Asian
ANC_0226,South_Asian
ANC_0227,South_Asian
ANC_0228,East_Asian
ANC_0229,East_Asian
ANC_0230,European
ANC_0231,African
ANC_0232,African
ANC_0233,East_Asian
ANC_0234,East_Asian
ANC_0235,African
ANC_0236,European
ANC_0237,South_Asian
ANC_0238,European
ANC_0239,South_Asian
ANC_0240,Native_American
ANC_0241,South_Asian
ANC_0242,South_Asian
ANC_0243,European
ANC_0244,African
ANC_0245,European
ANC_0246,African
ANC_0247,Native_American
ANC_0248,Native_American
ANC_0249,South_Asian
ANC_0250,South_Asian
ANC_0251,European
ANC_0252,East_Asian
ANC_0253,African
ANC_0254,East_Asian
ANC_0255,East_Asian
ANC_0256,Native_American
ANC_0257,East_Asian
ANC_0258,South_Asian
ANC_0259,European
ANC_0260,East_Asian
ANC_0261,Native_American
ANC_0262,European
ANC_0263,South_Asian
ANC_0264,African
ANC_0265,European
ANC_0266,European
ANC_0267,African
ANC_0268,East_Asian
ANC_0269,East_Asian
ANC_0270,South_Asian
ANC_0271,African
ANC_0272,South_Asian
ANC_0273,South_Asian
ANC_0274,East_Asian
ANC_0275,East_Asian
ANC_0276,South_Asian
ANC_0277,African
ANC_0278,African
ANC_0279,Native_American
ANC_0280,African
ANC_0281,European
ANC_0282,Native_American
ANC_0283,South_Asian
ANC_0284,African
ANC_0285,Native_American
ANC_0286,African
ANC_0287,African
ANC_0288,East_Asian
ANC_0289,South_Asian
ANC_0290,European
ANC_0291,South_Asian
ANC_0292,East_Asian
ANC_0293,European
ANC_0294,South_Asian
ANC_0295,African
ANC_0296,Native_American
ANC_0297,South_Asian
ANC_0298,Native_American
ANC_0299,Native_American
ANC_0300,European
ANC_0301,South_Asian
ANC_0302,South_Asian
ANC_0303,East_Asian
ANC_0304,Native_American
ANC_0305,African
ANC_0306,South_Asian
ANC_0307,African
ANC_0308,African
ANC_0309,European
ANC_0310,European
ANC_0311,European
ANC_0312,South_Asian
ANC_0313,European
ANC_0314,African
ANC_0315,East_Asian
ANC_0316,African
ANC_0317,East_Asian
ANC_0318,African
ANC_0319,South_Asian
ANC_0320,Native_American
ANC_0321,Native_American
ANC_0322,East_Asian
ANC_0323,East_Asian
ANC_0324,East_Asian
ANC_0325,East_Asian
ANC_0326,Native_American
ANC_0327,East_Asian
ANC_0328,Native_American
ANC_0329,East_Asian
ANC_0330,South_Asian
ANC_0331,African
ANC_0332,European
ANC_0333,South_Asian
ANC_0334,African
ANC_0335,East_Asian
ANC_0336,South_Asian
ANC_0337,South_Asian
ANC_0338,Native_American
ANC_0339,South_Asian
ANC_0340,East_Asian
ANC_0341,East_Asian
ANC_0342,South_Asian
ANC_0343,East_Asian
ANC_0344,South_Asian
ANC_0345,Native_American
ANC_0346,European
ANC_0347,African
ANC_0348,Native_American
ANC_0349,European
ANC_0350,South_Asian
ANC_0351,South_Asian
ANC_0352,South_Asian
ANC_0353,African
ANC_0354,African
ANC_0355,Native_American
ANC_0356,European
ANC_0357,European
ANC_0358,European
ANC_0359,Native_American
ANC_0360,South_Asian
ANC_0361,East_Asian
ANC_0362,African
ANC_0363,South_Asian
ANC_0364,South_Asian
ANC_0365,East_Asian
ANC_0366,East_Asian
ANC_0367,South_Asian
ANC_0368,Native_American
ANC_0369,South_Asian
ANC_0370,African
ANC_0371,Native_American
ANC_0372,European
ANC_0373,South_Asian
ANC_0374,African
ANC_0375,African
ANC_0376,European
ANC_0377,South_Asian
ANC_0378,East_Asian
ANC_0379,South_Asian
ANC_0380,European
ANC_0381,European
ANC_0382,African
ANC_0383,African
ANC_0384,East_Asian
ANC_0385,South_Asian
ANC_0386,African
ANC_0387,European
ANC_0388,African
ANC_0389,East_Asian
ANC_0390,European
ANC_0391,South_Asian
ANC_0392,South_Asian
ANC_0393,South_Asian
ANC_0394,South_Asian
ANC_0395,East_Asian
ANC_0396,African
ANC_0397,South_Asian
ANC_0398,Native_American
ANC_0399,European
ANC_0400,East_Asian
ANC_0401,African
ANC_0402,European
ANC_0403,South_Asian
ANC_0404,East_Asian
ANC_0405,South_Asian
ANC_0406,African
ANC_0407,African
ANC_0408,African
ANC_0409,South_Asian
ANC_0410,South_Asian
ANC_0411,European
ANC_0412,South_Asian
ANC_0413,Native_American
ANC_0414,East_Asian
ANC_0415,South_Asian
ANC_0416,East_Asian
ANC_0417,East_Asian
ANC_0418,East_Asian
ANC_0419,South_Asian
ANC_0420,European
ANC_0421,European
ANC_0422,European
ANC_0423,European
ANC_0424,South_Asian
ANC_0425,South_Asian
ANC_0426,South_Asian
ANC_0427,Native_American
ANC_0428,European
ANC_0429,South_Asian
ANC_0430,European
ANC_0431,Native_American
ANC_0432,East_Asian
ANC_0433,East_Asian
ANC_0434,Native_American
ANC_0435,South_Asian
ANC_0436,African
ANC_0437,South_Asian
ANC_0438,South_Asian
ANC_0439,European
ANC_0440,Native_American
ANC_0441,East_Asian
ANC_0442,Native_American
ANC_0443,Native_American
ANC_0444,South_Asian
ANC_0445,African
ANC_0446,East_Asian
ANC_0447,African
ANC_0448,South_Asian
ANC_0449,South_Asian
ANC_0450,Native_American
ANC_0451,European
ANC_0452,East_Asian
ANC_0453,African
ANC_0454,Native_American
ANC_0455,East_Asian
ANC_0456,East_Asian
ANC_0457,Native_American
ANC_0458,European
ANC_0459,South_Asian
ANC_0460,East_Asian
ANC_0461,South_Asian
ANC_0462,European
ANC_0463,East_Asian
ANC_0464,European
ANC_0465,South_Asian
ANC_0466,South_Asian
ANC_0467,Native_American
ANC_0468,East_Asian
ANC_0469,East_Asian
ANC_0470,South_Asian
ANC_0471,Native_American
ANC_0472,African
ANC_0473,European
ANC_0474,African
ANC_0475,African
ANC_0476,European
ANC_0477,Native_American
ANC_0478,East_Asian
ANC_0479,European
ANC_0480,East_Asian
ANC_0481,Native_American
ANC_0482,African
ANC_0483,African
ANC_0484,African
ANC_0485,East_Asian
ANC_0486,Native_American
ANC_0487,African
ANC_0488,East_Asian
ANC_0489,Native_American
ANC_0490,East_Asian
ANC_0491,South_Asian
ANC_0492,South_Asian
ANC_0493,East_Asian
ANC_0494,Native_American
ANC_0495,East_Asian
ANC_0496,European
ANC_0497,Native_American
ANC_0498,South_Asian
ANC_0499,South_Asian
ANC_0500,South_Asian
ANC_0501,South_Asian
ANC_0502,South_Asian
ANC_0503,South_Asian
ANC_0504,South_Asian
ANC_0505,European
ANC_0506,South_Asian
ANC_0507,Native_American
ANC_0508,East_Asian
ANC_0509,African
ANC_0510,European
ANC_0511,European
ANC_0512,European
ANC_0513,Native_American
ANC_0514,Native_American
ANC_0515,Native_American
ANC_0516,East_Asian
ANC_0517,Native_American
ANC_0518,African
ANC_0519,East_Asian
ANC_0520,East_Asian
ANC_0521,South_Asian
ANC_0522,African
ANC_0523,South_Asian
ANC_0524,African
ANC_0525,East_Asian
ANC_0526,European
ANC_0527,Native_American
ANC_0528,Native_American
ANC_0529,Native_American
ANC_0530,South_Asian
ANC_0531,South_Asian
ANC_0532,East_Asian
ANC_0533,Native_American
ANC_0534,European
ANC_0535,African
ANC_0536,African
ANC_0537,European
ANC_0538,East_Asian
ANC_0539,Native_American
ANC_0540,South_Asian
ANC_0541,South_Asian
ANC_0542,European
ANC_0543,East_Asian
ANC_0544,East_Asian
ANC_0545,South_Asian
ANC_0546,South_Asian
ANC_0547,African
ANC_0548,European
ANC_0549,African
ANC_0550,Native_American
ANC_0551,South_Asian
ANC_0552,South_Asian
ANC_0553,African
ANC_0554,South_Asian
ANC_0555,European
ANC_0556,Native_American
ANC_0557,African
ANC_0558,Native_American
ANC_0559,African
ANC_0560,African
ANC_0561,European
ANC_0562,African
ANC_0563,East_Asian
ANC_0564,African
ANC_0565,Native_American
ANC_0566,Native_American
ANC_0567,South_Asian
ANC_0568,African
ANC_0569,European
ANC_0570,East_Asian
ANC_0571,South_Asian
ANC_0572,European
ANC_0573,East_Asian
ANC_0574,African
ANC_0575,African
ANC_0576,African
ANC_0577,European
ANC_0578,Native_American
ANC_0579,African
ANC_0580,South_Asian
ANC_0581,Native_American
ANC_0582,East_Asian
ANC_0583,South_Asian
ANC_0584,African
ANC_0585,European
ANC_0586,South_Asian
ANC_0587,East_Asian
ANC_0588,Native_American
ANC_0589,Native_American
ANC_0590,African
ANC_0591,African
ANC_0592,European
ANC_0593,Native_American
ANC_0594,European
ANC_0595,South_Asian
ANC_0596,European
ANC_0597,South_Asian
ANC_0598,Native_American
ANC_0599,Native_American
ANC_0600,South_Asian
ANC_0601,South_Asian
ANC_0602,European
ANC_0603,South_Asian
ANC_0604,East_Asian
ANC_0605,European
ANC_0606,Native_American
ANC_0607,European
ANC_0608,European
ANC_0609,European
ANC_0610,East_Asian
ANC_0611,South_Asian
ANC_0612,South_Asian
ANC_0613,South_Asian
ANC_0614,East_Asian
ANC_0615,African
ANC_0616,Native_American
ANC_0617,South_Asian
ANC_0618,European
ANC_0619,European
ANC_0620,Native_American
ANC_0621,East_Asian
ANC_0622,Native_American
ANC_0623,South_Asian
ANC_0624,East_Asian
ANC_0625,African
ANC_0626,European
ANC_0627,South_Asian
ANC_0628,East_Asian
ANC_0629,African
ANC_0630,East_Asian
ANC_0631,European
ANC_0632,Native_American
ANC_0633,South_Asian
ANC_0634,South_Asian
ANC_0635,East_Asian
ANC_0636,East_Asian
ANC_0637,East_Asian
ANC_0638,European
ANC_0639,East_Asian
ANC_0640,African
ANC_0641,African
ANC_0642,African
ANC_0643,South_Asian
ANC_0644,Native_American
ANC_0645,East_Asian
ANC_0646,East_Asian
ANC_0647,South_Asian
ANC_0648,South_Asian
ANC_0649,European
ANC_0650,African
ANC_0651,European
ANC_0652,European
ANC_0653,Native_American
ANC_0654,Native_American
ANC_0655,East_Asian
ANC_0656,South_Asian
ANC_0657,European
ANC_0658,Native_American
ANC_0659,Native_American
ANC_0660,African
ANC_0661,European
ANC_0662,South_Asian
ANC_0663,South_Asian
ANC_0664,European
ANC_0665,South_Asian
ANC_0666,European
ANC_0667,East_Asian
ANC_0668,Native_American
ANC_0669,South_Asian
ANC_0670,Native_American
ANC_0671,African
ANC_0672,African
ANC_0673,South_Asian
ANC_0674,European
ANC_0675,European
ANC_0676,East_Asian
ANC_0677,South_Asian
ANC_0678,African
ANC_0679,African
ANC_0680,Native_American
ANC_0681,South_Asian
ANC_0682,East_Asian
ANC_0683,Native_American
ANC_0684,African
ANC_0685,African
ANC_0686,South_Asian
ANC_0687,Native_American
ANC_0688,Native_American
ANC_0689,African
ANC_0690,African
ANC_0691,African
ANC_0692,Native_American
ANC_0693,East_Asian
ANC_0694,African
ANC_0695,European
ANC_0696,East_Asian
ANC_0697,East_Asian
ANC_0698,European
ANC_0699,European
ANC_0700,European
ANC_0701,Native_American
ANC_0702,South_Asian
ANC_0703,African
ANC_0704,European
ANC_0705,South_Asian
ANC_0706,Native_American
ANC_0707,East_Asian
ANC_0708,East_Asian
ANC_0709,East_Asian
ANC_0710,African
ANC_0711,East_Asian
ANC_0712,European
ANC_0713,European
ANC_0714,African
ANC_0715,Native_American
ANC_0716,East_Asian
ANC_0717,South_Asian
ANC_0718,African
ANC_0719,African
ANC_0720,South_Asian
ANC_0721,South_Asian
ANC_0722,South_Asian
ANC_0723,Native_American
ANC_0724,European
ANC_0725,East_Asian
ANC_0726,South_Asian
ANC_0727,European
ANC_0728,South_Asian
ANC_0729,African
ANC_0730,Native_American
ANC_0731,South_Asian
ANC_0732,European
ANC_0733,European
ANC_0734,South_Asian
ANC_0735,African
ANC_0736,Native_American
ANC_0737,Native_American
ANC_0738,European
ANC_0739,East_Asian
ANC_0740,African
ANC_0741,Native_American
ANC_0742,African
ANC_0743,East_Asian
ANC_0744,East_Asian
ANC_0745,African
ANC_0746,South_Asian
ANC_0747,East_Asian
ANC_0748,European
ANC_0749,Native_American
ANC_0750,South_Asian
ANC_0751,African
ANC_0752,Native_American
ANC_0753,South_Asian
ANC_0754,East_Asian
ANC_0755,African
ANC_0756,Native_American
ANC_0757,African
ANC_0758,African
ANC_0759,South_Asian
ANC_0760,South_Asian
ANC_0761,South_Asian
ANC_0762,Native_American
ANC_0763,South_Asian
ANC_0764,South_Asian
ANC_0765,Native_American
ANC_0766,European
ANC_0767,South_Asian
ANC_0768,European
ANC_0769,South_Asian
ANC_0770,African
ANC_0771,East_Asian
ANC_0772,Native_American
ANC_0773,East_Asian
ANC_0774,South_Asian
ANC_0775,Native_American
ANC_0776,African
ANC_0777,South_Asian
ANC_0778,East_Asian
ANC_0779,Native_American
ANC_0780,Native_American
ANC_0781,African
ANC_0782,African
ANC_0783,European
ANC_0784,Native_American
ANC_0785,European
ANC_0786,East_Asian
ANC_0787,South_Asian
ANC_0788,East_Asian
ANC_0789,African
ANC_0790,European
ANC_0791,Native_American
ANC_0792,East_Asian
ANC_0793,East_Asian
ANC_0794,African
ANC_0795,South_Asian
ANC_0796,South_Asian
ANC_0797,European
ANC_0798,Native_American
ANC_0799,East_Asian
ANC_0800,East_Asian
ANC_0801,Native_American
ANC_0802,European
ANC_0803,African
ANC_0804,African
ANC_0805,Native_American
ANC_0806,African
ANC_0807,European
ANC_0808,East_Asian
ANC_0809,East_Asian
ANC_0810,European
ANC_0811,African
ANC_0812,Native_American
ANC_0813,East_Asian
ANC_0814,European
ANC_0815,European
ANC_0816,South_Asian
ANC_0817,African
ANC_0818,South_Asian
ANC_0819,East_Asian
ANC_0820,Native_American
ANC_0821,Native_American
ANC_0822,East_Asian
ANC_0823,South_Asian
ANC_0824,African
ANC_0825,South_Asian
ANC_0826,European
ANC_0827,East_Asian
ANC_0828,Native_American
ANC_0829,Native_American
ANC_0830,European
ANC_0831,East_Asian
ANC_0832,East_Asian
ANC_0833,South_Asian
ANC_0834,African
ANC_0835,East_Asian
ANC_0836,Native_American
ANC_0837,African
ANC_0838,South_Asian
ANC_0839,East_Asian
ANC_0840,South_Asian
ANC_0841,South_Asian
ANC_0842,African
ANC_0843,South_Asian
ANC_0844,East_Asian
ANC_0845,European
ANC_0846,Native_American
ANC_0847,European
ANC_0848,African
ANC_0849,African
ANC_0850,East_Asian
ANC_0851,South_Asian
ANC_0852,African
ANC_0853,East_Asian
ANC_0854,European
ANC_0855,Native_American
ANC_0856,East_Asian
ANC_0857,European
ANC_0858,European
ANC_0859,African
ANC_0860,South_Asian
ANC_0861,African
ANC_0862,Native_American
ANC_0863,African
ANC_0864,South_Asian
ANC_0865,Native_American
ANC_0866,European
ANC_0867,Native_American
ANC_0868,Native_American
ANC_0869,European
ANC_0870,Native_American
ANC_0871,East_Asian
ANC_0872,African
ANC_0873,East_Asian
ANC_0874,African
ANC_0875,South_Asian
ANC_0876,African
ANC_0877,East_Asian
ANC_0878,South_Asian
ANC_0879,South_Asian
ANC_0880,East_Asian
ANC_0881,European
ANC_0882,European
ANC_0883,Native_American
ANC_0884,European
ANC_0885,South_Asian
ANC_0886,East_Asian
ANC_0887,South_Asian
ANC_0888,South_Asian
ANC_0889,Native_American
ANC_0890,African
ANC_0891,African
ANC_0892,African
ANC_0893,East_Asian
ANC_0894,South_Asian
ANC_0895,European
ANC_0896,South_Asian
ANC_0897,African
ANC_0898,South_Asian
ANC_0899,African
ANC_0900,African
ANC_0901,South_Asian
ANC_0902,African
ANC_0903,East_Asian
ANC_0904,South_Asian
ANC_0905,African
ANC_0906,East_Asian
ANC_0907,South_Asian
ANC_0908,South_Asian
ANC_0909,South_Asian
ANC_0910,South_Asian
ANC_0911,East_Asian
ANC_0912,Native_American
ANC_0913,Native_American
ANC_0914,Native_American
ANC_0915,European
ANC_0916,African
ANC_0917,African
ANC_0918,African
ANC_0919,European
ANC_0920,African
ANC_0921,East_Asian
ANC_0922,European
ANC_0923,African
ANC_0924,East_Asian
ANC_0925,African
ANC_0926,European
ANC_0927,East_Asian
ANC_0928,South_Asian
ANC_0929,East_Asian
ANC_0930,Native_American
ANC_0931,South_Asian
ANC_0932,South_Asian
ANC_0933,South_Asian
ANC_0934,Native_American
ANC_0935,Native_American
ANC_0936,Native_American
ANC_0937,Native_American
ANC_0938,South_Asian
ANC_0939,South_Asian
ANC_0940,European
ANC_0941,South_Asian
ANC_0942,European
ANC_0943,African
ANC_0944,African
ANC_0945,African
ANC_0946,European
ANC_0947,European
ANC_0948,European
ANC_0949,European
ANC_0950,South_Asian
ANC_0951,East_Asian
ANC_0952,South_Asian
ANC_0953,South_Asian
ANC_0954,African
ANC_0955,Native_American
ANC_0956,European
ANC_0957,European
ANC_0958,European
ANC_0959,East_Asian
ANC_0960,African
ANC_0961,East_Asian
ANC_0962,European
ANC_0963,Native_American
ANC_0964,South_Asian
ANC_0965,South_Asian
ANC_0966,African
ANC_0967,European
ANC_0968,South_Asian
ANC_0969,East_Asian
ANC_0970,European
ANC_0971,European
ANC_0972,African
ANC_0973,East_Asian
ANC_0974,South_Asian
ANC_0975,Native_American
ANC_0976,East_Asian
ANC_0977,Native_American
ANC_0978,South_Asian
ANC_0979,East_Asian
ANC_0980,East_Asian
ANC_0981,European
ANC_0982,Native_American
ANC_0983,South_Asian
ANC_0984,East_Asian
ANC_0985,European
ANC_0986,European
ANC_0987,European
ANC_0988,East_Asian
ANC_0989,South_Asian
ANC_0990,South_Asian
ANC_0991,African
ANC_0992,European
ANC_0993,European
ANC_0994,Native_American
ANC_0995,East_Asian
ANC_0996,Native_American
ANC_0997,East_Asian
ANC_0998,South_Asian
ANC_0999,South_Asian
ANC_1000,European
ANC_1001,African
ANC_1002,South_Asian
ANC_1003,African
ANC_1004,South_Asian
ANC_1005,Native_American
ANC_1006,East_Asian
ANC_1007,East_Asian
ANC_1008,Native_American
ANC_1009,European
ANC_1010,South_Asian
ANC_1011,East_Asian
ANC_1012,East_Asian
ANC_1013,African
ANC_1014,South_Asian
ANC_1015,South_Asian
ANC_1016,European
ANC_1017,East_Asian
ANC_1018,European
ANC_1019,European
ANC_1020,African
ANC_1021,African
ANC_1022,South_Asian
ANC_1023,European
ANC_1024,African
ANC_1025,African
ANC_1026,African
ANC_1027,East_Asian
ANC_1028,African
ANC_1029,South_Asian
ANC_1030,South_Asian
ANC_1031,Native_American
ANC_1032,East_Asian
ANC_1033,East_Asian
ANC_1034,East_Asian
ANC_1035,East_Asian
ANC_1036,East_Asian
ANC_1037,African
ANC_1038,African
ANC_1039,Native_American
ANC_1040,Native_American
ANC_1041,South_Asian
ANC_1042,Native_American
ANC_1043,East_Asian
ANC_1044,South_Asian
ANC_1045,East_Asian
ANC_1046,European
ANC_1047,East_Asian
ANC_1048,East_Asian
ANC_1049,European
ANC_1050,South_Asian
ANC_1051,European
ANC_1052,European
ANC_1053,Native_American
ANC_1054,European
ANC_1055,South_Asian
ANC_1056,Native_American
ANC_1057,South_Asian
ANC_1058,East_Asian
ANC_1059,Native_American
ANC_1060,European
ANC_1061,African
ANC_1062,African
ANC_1063,European
ANC_1064,African
ANC_1065,East_Asian
ANC_1066,European
ANC_1067,South_Asian
ANC_1068,African
ANC_1069,African
ANC_1070,Native_American
ANC_1071,African
ANC_1072,Native_American
ANC_1073,East_Asian
ANC_1074,East_Asian
ANC_1075,Native_American
ANC_1076,African
ANC_1077,African
ANC_1078,Native_American
ANC_1079,European
ANC_1080,East_Asian
ANC_1081,European
ANC_1082,East_Asian
ANC_1083,Native_American
ANC_1084,African
ANC_1085,European
ANC_1086,South_Asian
ANC_1087,Native_American
ANC_1088,East_Asian
ANC_1089,European
ANC_1090,South_Asian
ANC_1091,Native_American
ANC_1092,Native_American
ANC_1093,East_Asian
ANC_1094,East_Asian
ANC_1095,African
ANC_1096,East_Asian
ANC_1097,East_Asian
ANC_1098,East_Asian
ANC_1099,East_Asian
ANC_1100,Native_American
ANC_1101,European
ANC_1102,South_Asian
ANC_1103,South_Asian
ANC_1104,East_Asian
ANC_1105,African
ANC_1106,South_Asian
ANC_1107,South_Asian
ANC_1108,European
ANC_1109,Native_American
ANC_1110,Native_American
ANC_1111,African
ANC_1112,Native_American
ANC_1113,Native_American
ANC_1114,European
ANC_1115,East_Asian
ANC_1116,African
ANC_1117,East_Asian
ANC_1118,African
ANC_1119,East_Asian
ANC_1120,South_Asian
ANC_1121,European
ANC_1122,East_Asian
ANC_1123,East_Asian
ANC_1124,East_Asian
ANC_1125,South_Asian
ANC_1126,East_Asian
ANC_1127,East_Asian
ANC_1128,European
ANC_1129,Native_American
ANC_1130,European
ANC_1131,European
ANC_1132,South_Asian
ANC_1133,South_Asian
ANC_1134,European
ANC_1135,East_Asian
ANC_1136,South_Asian
ANC_1137,South_Asian
ANC_1138,East_Asian
ANC_1139,East_Asian
ANC_1140,Native_American
ANC_1141,European
ANC_1142,European
ANC_1143,Native_American
ANC_1144,Native_American
ANC_1145,European
ANC_1146,South_Asian
ANC_1147,South_Asian
ANC_1148,African
ANC_1149,South_Asian
ANC_1150,European
ANC_1151,South_Asian
ANC_1152,Native_American
ANC_1153,European
ANC_1154,European
ANC_1155,East_Asian
ANC_1156,Native_American
ANC_1157,Native_American
ANC_1158,East_Asian
ANC_1159,Native_American
ANC_1160,Native_American
ANC_1161,African
ANC_1162,East_Asian
ANC_1163,African
ANC_1164,European
ANC_1165,Native_American
ANC_1166,South_Asian
ANC_1167,Native_American
ANC_1168,East_Asian
ANC_1169,Native_American
ANC_1170,South_Asian
ANC_1171,East_Asian
ANC_1172,East_Asian
ANC_1173,European
ANC_1174,South_Asian
ANC_1175,South_Asian
ANC_1176,European
ANC_1177,East_Asian
ANC_1178,African
ANC_1179,East_Asian
ANC_1180,East_Asian
ANC_1181,East_Asian
ANC_1182,Native_American
ANC_1183,African
ANC_1184,South_Asian
ANC_1185,South_Asian
ANC_1186,African
ANC_1187,South_Asian
ANC_1188,African
ANC_1189,Native_American
ANC_1190,East_Asian
ANC_1191,South_Asian
ANC_1192,Native_American
ANC_1193,South_Asian
ANC_1194,South_Asian
ANC_1195,European
ANC_1196,African
ANC_1197,European
ANC_1198,European
ANC_1199,European
ANC_1200,European
ANC_1201,Native_American
ANC_1202,African
ANC_1203,Native_American
ANC_1204,South_Asian
ANC_1205,Native_American
ANC_1206,Native_American
ANC_1207,European
ANC_1208,European
ANC_1209,European
ANC_1210,Native_American
ANC_1211,South_Asian
ANC_1212,African
ANC_1213,South_Asian
ANC_1214,Native_American
ANC_1215,South_Asian
ANC_1216,East_Asian
ANC_1217,South_Asian
ANC_1218,Native_American
ANC_1219,European
ANC_1220,South_Asian
ANC_1221,East_Asian
ANC_1222,Native_American
ANC_1223,African
ANC_1224,Native_American
ANC_1225,South_Asian
ANC_1226,European
ANC_1227,African
ANC_1228,African
ANC_1229,African
ANC_1230,European
ANC_1231,European
ANC_1232,African
ANC_1233,South_Asian
ANC_1234,African
ANC_1235,African
ANC_1236,European
ANC_1237,South_Asian
ANC_1238,European
ANC_1239,South_Asian
ANC_1240,East_Asian
ANC_1241,African
ANC_1242,African
ANC_1243,European
ANC_1244,African
ANC_1245,European
ANC_1246,East_Asian
ANC_1247,European
ANC_1248,South_Asian
ANC_1249,European
ANC_1250,African
ANC_1251,South_Asian
ANC_1252,African
ANC_1253,South_Asian
ANC_1254,East_Asian
ANC_1255,European
ANC_1256,East_Asian
ANC_1257,South_Asian
ANC_1258,African
ANC_1259,Native_American
ANC_1260,Native_American
ANC_1261,East_Asian
ANC_1262,South_Asian
ANC_1263,East_Asian
ANC_1264,East_Asian
ANC_1265,South_Asian
ANC_1266,East_Asian
ANC_1267,South_Asian
ANC_1268,South_Asian
ANC_1269,East_Asian
ANC_1270,East_Asian
ANC_1271,South_Asian
ANC_1272,European
ANC_1273,South_Asian
ANC_1274,South_Asian
ANC_1275,European
ANC_1276,East_Asian
ANC_1277,European
ANC_1278,Native_American
ANC_1279,East_Asian
ANC_1280,South_Asian
ANC_1281,South_Asian
ANC_1282,African
ANC_1283,Native_American
ANC_1284,African
ANC_1285,South_Asian
ANC_1286,Native_American
ANC_1287,European
ANC_1288,European
ANC_1289,South_Asian
ANC_1290,Native_American
ANC_1291,East_Asian
ANC_1292,European
ANC_1293,East_Asian
ANC_1294,African
ANC_1295,African
ANC_1296,Native_American
ANC_1297,South_Asian
ANC_1298,South_Asian
ANC_1299,South_Asian
ANC_1300,East_Asian
ANC_1301,European
ANC_1302,East_Asian
ANC_1303,European
ANC_1304,Native_American
ANC_1305,East_Asian
ANC_1306,South_Asian
ANC_1307,African
ANC_1308,South_Asian
ANC_1309,South_Asian
ANC_1310,South_Asian
ANC_1311,African
ANC_1312,East_Asian
ANC_1313,European
ANC_1314,Native_American
ANC_1315,East_Asian
ANC_1316,East_Asian
ANC_1317,East_Asian
ANC_1318,South_Asian
ANC_1319,African
ANC_1320,East_Asian
ANC_1321,African
ANC_1322,European
ANC_1323,South_Asian
ANC_1324,South_Asian
ANC_1325,European
ANC_1326,East_Asian
ANC_1327,East_Asian
ANC_1328,East_Asian
ANC_1329,South_Asian
ANC_1330,South_Asian
ANC_1331,Native_American
ANC_1332,Native_American
ANC_1333,African
ANC_1334,European
ANC_1335,South_Asian
ANC_1336,European
ANC_1337,European
ANC_1338,African
ANC_1339,South_Asian
ANC_1340,African
ANC_1341,Native_American
ANC_1342,East_Asian
ANC_1343,South_Asian
ANC_1344,South_Asian
ANC_1345,African
ANC_1346,East_Asian
ANC_1347,European
ANC_1348,East_Asian
ANC_1349,East_Asian
ANC_1350,South_Asian
ANC_1351,South_Asian
ANC_1352,African
ANC_1353,African
ANC_1354,African
ANC_1355,African
ANC_1356,Native_American
ANC_1357,European
ANC_1358,Native_American
ANC_1359,Native_American
ANC_1360,African
ANC_1361,European
ANC_1362,European
ANC_1363,South_Asian
ANC_1364,East_Asian
ANC_1365,Native_American
ANC_1366,South_Asian
ANC_1367,European
ANC_1368,South_Asian
ANC_1369,European
ANC_1370,Native_American
ANC_1371,South_Asian
ANC_1372,African
ANC_1373,South_Asian
ANC_1374,South_Asian
ANC_1375,Native_American
ANC_1376,South_Asian
ANC_1377,Native_American
ANC_1378,European
ANC_1379,African
ANC_1380,African
ANC_1381,Native_American
ANC_1382,East_Asian
ANC_1383,African
ANC_1384,South_Asian
ANC_1385,South_Asian
ANC_1386,African
ANC_1387,African
ANC_1388,South_Asian
ANC_1389,South_Asian
ANC_1390,European
ANC_1391,South_Asian
ANC_1392,South_Asian
ANC_1393,African
ANC_1394,East_Asian
ANC_1395,African
ANC_1396,African
ANC_1397,South_Asian
ANC_1398,European
ANC_1399,African
ANC_1400,Native_American
ANC_1401,Native_American
ANC_1402,East_Asian
ANC_1403,South_Asian
ANC_1404,East_Asian
ANC_1405,South_Asian
ANC_1406,African
ANC_1407,East_Asian
ANC_1408,European
ANC_1409,European
ANC_1410,European
ANC_1411,European
ANC_1412,East_Asian
ANC_1413,European
ANC_1414,South_Asian
ANC_1415,European
ANC_1416,Native_American
ANC_1417,European
ANC_1418,South_Asian
ANC_1419,South_Asian
ANC_1420,South_Asian
ANC_1421,East_Asian
ANC_1422,European
ANC_1423,South_Asian
ANC_1424,East_Asian
ANC_1425,European
ANC_1426,East_Asian
ANC_1427,Native_American
ANC_1428,Native_American
ANC_1429,Native_American
ANC_1430,African
ANC_1431,East_Asian
ANC_1432,European
ANC_1433,African
ANC_1434,East_Asian
ANC_1435,African
ANC_1436,South_Asian
ANC_1437,European
ANC_1438,South_Asian
ANC_1439,Native_American
ANC_1440,European
ANC_1441,European
ANC_1442,African
ANC_1443,South_Asian
ANC_1444,Native_American
ANC_1445,Native_American
ANC_1446,Native_American
ANC_1447,South_Asian
ANC_1448,Native_American
ANC_1449,East_Asian
ANC_1450,East_Asian
ANC_1451,European
ANC_1452,African
ANC_1453,East_Asian
ANC_1454,South_Asian
ANC_1455,Native_American
ANC_1456,African
ANC_1457,Native_American
ANC_1458,Native_American
ANC_1459,South_Asian
ANC_1460,South_Asian
ANC_1461,European
ANC_1462,African
ANC_1463,African
ANC_1464,European
ANC_1465,South_Asian
ANC_1466,African
ANC_1467,African
ANC_1468,European
ANC_1469,European
ANC_1470,East_Asian
ANC_1471,African
ANC_1472,European
ANC_1473,South_Asian
ANC_1474,European
ANC_1475,African
ANC_1476,African
ANC_1477,European
ANC_1478,South_Asian
ANC_1479,European
ANC_1480,South_Asian
ANC_1481,Native_American
ANC_1482,European
ANC_1483,European
ANC_1484,European
ANC_1485,African
ANC_1486,South_Asian
ANC_1487,South_Asian
ANC_1488,African
ANC_1489,East_Asian
ANC_1490,South_Asian
ANC_1491,European
ANC_1492,Native_American
ANC_1493,South_Asian
ANC_1494,South_Asian
ANC_1495,Native_American
ANC_1496,South_Asian
ANC_1497,African
ANC_1498,South_Asian
ANC_1499,African
ANC_1500,African
ANC_1501,South_Asian
ANC_1502,East_Asian
ANC_1503,South_Asian
ANC_1504,East_Asian
ANC_1505,European
ANC_1506,East_Asian
ANC_1507,East_Asian
ANC_1508,African
ANC_1509,East_Asian
ANC_1510,Native_American
ANC_1511,African
ANC_1512,African
ANC_1513,European
ANC_1514,South_Asian
ANC_1515,African
ANC_1516,South_Asian
ANC_1517,South_Asian
ANC_1518,European
ANC_1519,European
ANC_1520,Native_American
ANC_1521,Native_American
ANC_1522,South_Asian
ANC_1523,East_Asian
ANC_1524,Native_American
ANC_1525,African
ANC_1526,Native_American
ANC_1527,Native_American
ANC_1528,South_Asian
ANC_1529,South_Asian
ANC_1530,East_Asian
ANC_1531,Native_American
ANC_1532,South_Asian
ANC_1533,African
ANC_1534,European
ANC_1535,Native_American
ANC_1536,Native_American
ANC_1537,European
ANC_1538,East_Asian
ANC_1539,European
ANC_1540,Native_American
ANC_1541,European
ANC_1542,African
ANC_1543,Native_American
ANC_1544,East_Asian
ANC_1545,European
ANC_1546,South_Asian
ANC_1547,European
ANC_1548,Native_American
ANC_1549,European
ANC_1550,East_Asian
ANC_1551,European
ANC_1552,East_Asian
ANC_1553,Native_American
ANC_1554,East_Asian
ANC_1555,South_Asian
ANC_1556,South_Asian
ANC_1557,European
ANC_1558,Native_American
ANC_1559,Native_American
ANC_1560,East_Asian
ANC_1561,European
ANC_1562,African
ANC_1563,European
ANC_1564,Native_American
ANC_1565,South_Asian
ANC_1566,African
ANC_1567,East_Asian
ANC_1568,European
ANC_1569,European
ANC_1570,Native_American
ANC_1571,African
ANC_1572,African
ANC_1573,South_Asian
ANC_1574,East_Asian
ANC_1575,African
ANC_1576,East_Asian
ANC_1577,African
ANC_1578,East_Asian
ANC_1579,East_Asian
ANC_1580,South_Asian
ANC_1581,African
ANC_1582,African
ANC_1583,South_Asian
ANC_1584,South_Asian
ANC_1585,European
ANC_1586,African
ANC_1587,South_Asian
ANC_1588,African
ANC_1589,East_Asian
ANC_1590,South_Asian
ANC_1591,South_Asian
ANC_1592,South_Asian
ANC_1593,Native_American
ANC_1594,African
ANC_1595,African
ANC_1596,East_Asian
ANC_1597,East_Asian
ANC_1598,African
ANC_1599,South_Asian
ANC_1600,Native_American
ANC_1601,Native_American
ANC_1602,South_Asian
ANC_1603,African
ANC_1604,South_Asian
ANC_1605,African
ANC_1606,Native_American
ANC_1607,African
ANC_1608,European
ANC_1609,European
ANC_1610,South_Asian
ANC_1611,Native_American
ANC_1612,African
ANC_1613,Native_American
ANC_1614,European
ANC_1615,Native_American
ANC_1616,European
ANC_1617,East_Asian
ANC_1618,African
ANC_1619,South_Asian
ANC_1620,European
ANC_1621,African
ANC_1622,Native_American
ANC_1623,Native_American
ANC_1624,European
ANC_1625,South_Asian
ANC_1626,African
ANC_1627,Native_American
ANC_1628,African
ANC_1629,African
ANC_1630,European
ANC_1631,South_Asian
ANC_1632,European
ANC_1633,South_Asian
ANC_1634,East_Asian
ANC_1635,Native_American
ANC_1636,African
ANC_1637,Native_American
ANC_1638,South_Asian
ANC_1639,European
ANC_1640,African
ANC_1641,European
ANC_1642,African
ANC_1643,South_Asian
ANC_1644,East_Asian
ANC_1645,East_Asian
ANC_1646,European
ANC_1647,East_Asian
ANC_1648,European
ANC_1649,European
ANC_1650,African
ANC_1651,Native_American
ANC_1652,European
ANC_1653,East_Asian
ANC_1654,African
ANC_1655,African
ANC_1656,European
ANC_1657,South_Asian
ANC_1658,European
ANC_1659,African
ANC_1660,European
ANC_1661,East_Asian
ANC_1662,African
ANC_1663,Native_American
ANC_1664,European
ANC_1665,European
ANC_1666,South_Asian
ANC_1667,South_Asian
ANC_1668,East_Asian
ANC_1669,Native_American
ANC_1670,South_Asian
ANC_1671,Native_American
ANC_1672,European
ANC_1673,African
ANC_1674,South_Asian
ANC_1675,South_Asian
ANC_1676,East_Asian
ANC_1677,East_Asian
ANC_1678,Native_American
ANC_1679,East_Asian
ANC_1680,African
ANC_1681,South_Asian
ANC_1682,Native_American
ANC_1683,Native_American
ANC_1684,East_Asian
ANC_1685,European
ANC_1686,South_Asian
ANC_1687,East_Asian
ANC_1688,European
ANC_1689,European
ANC_1690,East_Asian
ANC_1691,African
ANC_1692,African
ANC_1693,African
ANC_1694,Native_American
ANC_1695,East_Asian
ANC_1696,East_Asian
ANC_1697,East_Asian
ANC_1698,East_Asian
ANC_1699,European
ANC_1700,South_Asian
ANC_1701,South_Asian
ANC_1702,East_Asian
ANC_1703,East_Asian
ANC_1704,East_Asian
ANC_1705,African
ANC_1706,African
ANC_1707,Native_American
ANC_1708,East_Asian
ANC_1709,South_Asian
ANC_1710,Native_American
ANC_1711,European
ANC_1712,Native_American
ANC_1713,East_Asian
ANC_1714,Native_American
ANC_1715,East_Asian
ANC_1716,South_Asian
ANC_1717,Native_American
ANC_1718,South_Asian
ANC_1719,African
ANC_1720,Native_American
ANC_1721,South_Asian
ANC_1722,European
ANC_1723,South_Asian
ANC_1724,Native_American
ANC_1725,European
ANC_1726,East_Asian
ANC_1727,African
ANC_1728,African
ANC_1729,African
ANC_1730,Native_American
ANC_1731,East_Asian
ANC_1732,South_Asian
ANC_1733,South_Asian
ANC_1734,East_Asian
ANC_1735,East_Asian
ANC_1736,East_Asian
ANC_1737,Native_American
ANC_1738,South_Asian
ANC_1739,European
ANC_1740,Native_American
ANC_1741,East_Asian
ANC_1742,South_Asian
ANC_1743,East_Asian
ANC_1744,East_Asian
ANC_1745,European
ANC_1746,Native_American
ANC_1747,East_Asian
ANC_1748,South_Asian
ANC_1749,Native_American
ANC_1750,African
ANC_1751,European
ANC_1752,Native_American
ANC_1753,South_Asian
ANC_1754,South_Asian
ANC_1755,South_Asian
ANC_1756,East_Asian
ANC_1757,European
ANC_1758,European
ANC_1759,Native_American
ANC_1760,South_Asian
ANC_1761,East_Asian
ANC_1762,Native_American
ANC_1763,European
ANC_1764,Native_American
ANC_1765,African
ANC_1766,Native_American
ANC_1767,South_Asian
ANC_1768,Native_American
ANC_1769,South_Asian
ANC_1770,African
ANC_1771,South_Asian
ANC_1772,African
ANC_1773,Native_American
ANC_1774,South_Asian
ANC_1775,European
ANC_1776,South_Asian
ANC_1777,South_Asian
ANC_1778,Native_American
ANC_1779,Native_American
ANC_1780,South_Asian
ANC_1781,European
ANC_1782,European
ANC_1783,East_Asian
ANC_1784,African
ANC_1785,African
ANC_1786,East_Asian
ANC_1787,South_Asian
ANC_1788,African
ANC_1789,European
ANC_1790,East_Asian
ANC_1791,European
ANC_1792,European
ANC_1793,European
ANC_1794,East_Asian
ANC_1795,South_Asian
ANC_1796,East_Asian
ANC_1797,South_Asian
ANC_1798,Native_American
ANC_1799,East_Asian
ANC_1800,Native_American
ANC_1801,Native_American
ANC_1802,African
ANC_1803,South_Asian
ANC_1804,European
ANC_1805,East_Asian
ANC_1806,African
ANC_1807,European
ANC_1808,South_Asian
ANC_1809,European
ANC_1810,South_Asian
ANC_1811,East_Asian
ANC_1812,European
ANC_1813,East_Asian
ANC_1814,East_Asian
ANC_1815,South_Asian
ANC_1816,South_Asian
ANC_1817,European
ANC_1818,East_Asian
ANC_1819,Native_American
ANC_1820,South_Asian
ANC_1821,European
ANC_1822,African
ANC_1823,African
ANC_1824,Native_American
ANC_1825,Native_American
ANC_1826,East_Asian
ANC_1827,African
ANC_1828,Native_American
ANC_1829,East_Asian
ANC_1830,European
ANC_1831,South_Asian
ANC_1832,East_Asian
ANC_1833,South_Asian
ANC_1834,Native_American
ANC_1835,African
ANC_1836,Native_American
ANC_1837,Native_American
ANC_1838,Native_American
ANC_1839,East_Asian
ANC_1840,East_Asian
ANC_1841,South_Asian
ANC_1842,South_Asian
ANC_1843,South_Asian
ANC_1844,European
ANC_1845,Native_American
ANC_1846,African
ANC_1847,European
ANC_1848,East_Asian
ANC_1849,East_Asian
ANC_1850,Native_American
ANC_1851,East_Asian
ANC_1852,European
ANC_1853,European
ANC_1854,Native_American
ANC_1855,South_Asian
ANC_1856,European
ANC_1857,South_Asian
ANC_1858,East_Asian
ANC_1859,East_Asian
ANC_1860,African
ANC_1861,South_Asian
ANC_1862,Native_American
ANC_1863,Native_American
ANC_1864,European
ANC_1865,East_Asian
ANC_1866,South_Asian
ANC_1867,European
ANC_1868,African
ANC_1869,European
ANC_1870,Native_American
ANC_1871,Native_American
ANC_1872,Native_American
ANC_1873,European
ANC_1874,East_Asian
ANC_1875,European
ANC_1876,European
ANC_1877,European
ANC_1878,East_Asian
ANC_1879,African
ANC_1880,African
ANC_1881,European
ANC_1882,South_Asian
ANC_1883,African
ANC_1884,European
ANC_1885,South_Asian
ANC_1886,East_Asian
ANC_1887,East_Asian
ANC_1888,African
ANC_1889,African
ANC_1890,Native_American
ANC_1891,Native_American
ANC_1892,African
ANC_1893,South_Asian
ANC_1894,European
ANC_1895,Native_American
ANC_1896,African
ANC_1897,East_Asian
ANC_1898,Native_American
ANC_1899,East_Asian
ANC_1900,European
ANC_1901,European
ANC_1902,South_Asian
ANC_1903,European
ANC_1904,African
ANC_1905,European
ANC_1906,Native_American
ANC_1907,East_Asian
ANC_1908,East_Asian
ANC_1909,East_Asian
ANC_1910,European
ANC_1911,East_Asian
ANC_1912,South_Asian
ANC_1913,African
ANC_1914,European
ANC_1915,Native_American
ANC_1916,South_Asian
ANC_1917,Native_American
ANC_1918,African
ANC_1919,European
ANC_1920,Native_American
ANC_1921,European
ANC_1922,East_Asian
ANC_1923,African
ANC_1924,Native_American
ANC_1925,European
ANC_1926,African
ANC_1927,East_Asian
ANC_1928,Native_American
ANC_1929,African
ANC_1930,European
ANC_1931,South_Asian
ANC_1932,European
ANC_1933,South_Asian
ANC_1934,European
ANC_1935,South_Asian
ANC_1936,South_Asian
ANC_1937,Native_American
ANC_1938,South_Asian
ANC_1939,Native_American
ANC_1940,European
ANC_1941,Native_American
ANC_1942,Native_American
ANC_1943,South_Asian
ANC_1944,European
ANC_1945,Native_American
ANC_1946,African
ANC_1947,East_Asian
ANC_1948,European
ANC_1949,African
ANC_1950,East_Asian
ANC_1951,South_Asian
ANC_1952,East_Asian
ANC_1953,South_Asian
ANC_1954,South_Asian
ANC_1955,Native_American
ANC_1956,Native_American
ANC_1957,South_Asian
ANC_1958,East_Asian
ANC_1959,South_Asian
ANC_1960,East_Asian
ANC_1961,East_Asian
ANC_1962,East_Asian
ANC_1963,European
ANC_1964,East_Asian
ANC_1965,European
ANC_1966,European
ANC_1967,African
ANC_1968,South_Asian
ANC_1969,European
ANC_1970,Native_American
ANC_1971,African
ANC_1972,African
ANC_1973,African
ANC_1974,South_Asian
ANC_1975,European
ANC_1976,East_Asian
ANC_1977,South_Asian
ANC_1978,European
ANC_1979,South_Asian
ANC_1980,East_Asian
ANC_1981,Native_American
ANC_1982,East_Asian
ANC_1983,South_Asian
ANC_1984,South_Asian
ANC_1985,East_Asian
ANC_1986,African
ANC_1987,European
ANC_1988,East_Asian
ANC_1989,European
ANC_1990,African
ANC_1991,East_Asian
ANC_1992,African
ANC_1993,Native_American
ANC_1994,Native_American
ANC_1995,South_Asian
ANC_1996,Native_American
ANC_1997,Native_American
ANC_1998,African
ANC_1999,European
ANC_2000,African
ANC_2001,East_Asian
ANC_2002,African
ANC_2003,European
ANC_2004,African
ANC_2005,African
ANC_2006,Native_American
ANC_2007,European
ANC_2008,East_Asian
ANC_2009,South_Asian
ANC_2010,East_Asian
ANC_2011,African
ANC_2012,South_Asian
ANC_2013,East_Asian
ANC_2014,Native_American
ANC_2015,European
ANC_2016,African
ANC_2017,East_Asian
ANC_2018,East_Asian
ANC_2019,South_Asian
ANC_2020,East_Asian
ANC_2021,South_Asian
ANC_2022,African
ANC_2023,African
ANC_2024,Native_American
ANC_2025,East_Asian
ANC_2026,East_Asian
ANC_2027,European
ANC_2028,European
ANC_2029,European
ANC_2030,Native_American
ANC_2031,European
ANC_2032,South_Asian
ANC_2033,Native_American
ANC_2034,European
ANC_2035,Native_American
ANC_2036,African
ANC_2037,East_Asian
ANC_2038,European
ANC_2039,South_Asian
ANC_2040,East_Asian
ANC_2041,Native_American
ANC_2042,European
ANC_2043,Native_American
ANC_2044,Native_American
ANC_2045,European
ANC_2046,South_Asian
ANC_2047,African
ANC_2048,European
ANC_2049,African
ANC_2050,European
ANC_2051,European
ANC_2052,African
ANC_2053,Native_American
ANC_2054,African
ANC_2055,South_Asian
ANC_2056,South_Asian
ANC_2057,East_Asian
ANC_2058,East_Asian
ANC_2059,Native_American
ANC_2060,African
ANC_2061,Native_American
ANC_2062,East_Asian
ANC_2063,East_Asian
ANC_2064,South_Asian
ANC_2065,European
ANC_2066,East_Asian
ANC_2067,South_Asian
ANC_2068,Native_American
ANC_2069,Native_American
ANC_2070,South_Asian
ANC_2071,Native_American
ANC_2072,European
ANC_2073,South_Asian
ANC_2074,African
ANC_2075,African
ANC_2076,East_Asian
ANC_2077,Native_American
ANC_2078,Native_American
ANC_2079,East_Asian
ANC_2080,European
ANC_2081,South_Asian
ANC_2082,European
ANC_2083,East_Asian
ANC_2084,African
ANC_2085,Native_American
ANC_2086,European
ANC_2087,East_Asian
ANC_2088,African
ANC_2089,East_Asian
ANC_2090,South_Asian
ANC_2091,South_Asian
ANC_2092,East_Asian
ANC_2093,Native_American
ANC_2094,East_Asian
ANC_2095,Native_American
ANC_2096,European
ANC_2097,East_Asian
ANC_2098,Native_American
ANC_2099,Native_American
ANC_2100,European
ANC_2101,East_Asian
ANC_2102,South_Asian
ANC_2103,Native_American
ANC_2104,African
ANC_2105,Native_American
ANC_2106,European
ANC_2107,European
ANC_2108,European
ANC_2109,South_Asian
ANC_2110,South_Asian
ANC_2111,Native_American
ANC_2112,European
ANC_2113,East_Asian
ANC_2114,South_Asian
ANC_2115,Native_American
ANC_2116,European
ANC_2117,South_Asian
ANC_2118,European
ANC_2119,South_Asian
ANC_2120,South_Asian
ANC_2121,East_Asian
ANC_2122,European
ANC_2123,European
ANC_2124,Native_American
ANC_2125,East_Asian
ANC_2126,Native_American
ANC_2127,African
ANC_2128,Native_American
ANC_2129,East_Asian
ANC_2130,East_Asian
ANC_2131,East_Asian
ANC_2132,South_Asian
ANC_2133,Native_American
ANC_2134,South_Asian
ANC_2135,South_Asian
ANC_2136,European
ANC_2137,African
ANC_2138,South_Asian
ANC_2139,African
ANC_2140,South_Asian
ANC_2141,South_Asian
ANC_2142,East_Asian
ANC_2143,South_Asian
ANC_2144,Native_American
ANC_2145,East_Asian
ANC_2146,African
ANC_2147,African
ANC_2148,European
ANC_2149,European
ANC_2150,East_Asian
ANC_2151,European
ANC_2152,East_Asian
ANC_2153,Native_American
ANC_2154,East_Asian
ANC_2155,Native_American
ANC_2156,East_Asian
ANC_2157,South_Asian
ANC_2158,South_Asian
ANC_2159,East_Asian
ANC_2160,South_Asian
ANC_2161,South_Asian
ANC_2162,European
ANC_2163,South_Asian
ANC_2164,African
ANC_2165,African
ANC_2166,European
ANC_2167,South_Asian
ANC_2168,East_Asian
ANC_2169,European
ANC_2170,African
ANC_2171,European
ANC_2172,East_Asian
ANC_2173,Native_American
ANC_2174,African
ANC_2175,European
ANC_2176,Native_American
ANC_2177,East_Asian
ANC_2178,African
ANC_2179,European
ANC_2180,East_Asian
ANC_2181,European
ANC_2182,East_Asian
ANC_2183,Native_American
ANC_2184,Native_American
ANC_2185,European
ANC_2186,East_Asian
ANC_2187,South_Asian
ANC_2188,African
ANC_2189,South_Asian
ANC_2190,African
ANC_2191,East_Asian
ANC_2192,African
ANC_2193,Native_American
ANC_2194,East_Asian
ANC_2195,Native_American
ANC_2196,European
ANC_2197,East_Asian
ANC_2198,South_Asian
ANC_2199,Native_American
ANC_2200,East_Asian
ANC_2201,African
ANC_2202,African
ANC_2203,Native_American
ANC_2204,European
ANC_2205,Native_American
ANC_2206,Native_American
ANC_2207,African
ANC_2208,European
ANC_2209,East_Asian
ANC_2210,East_Asian
ANC_2211,East_Asian
ANC_2212,African
ANC_2213,African
ANC_2214,European
ANC_2215,East_Asian
ANC_2216,South_Asian
ANC_2217,Native_American
ANC_2218,East_Asian
ANC_2219,African
ANC_2220,African
ANC_2221,East_Asian
ANC_2222,African
ANC_2223,European
ANC_2224,European
ANC_2225,South_Asian
ANC_2226,East_Asian
ANC_2227,East_Asian
ANC_2228,East_Asian
ANC_2229,South_Asian
ANC_2230,East_Asian
ANC_2231,South_Asian
ANC_2232,European
ANC_2233,European
ANC_2234,European
ANC_2235,European
ANC_2236,Native_American
ANC_2237,Native_American
ANC_2238,South_Asian
ANC_2239,East_Asian
ANC_2240,South_Asian
ANC_2241,European
ANC_2242,African
ANC_2243,African
ANC_2244,East_Asian
ANC_2245,South_Asian
ANC_2246,East_Asian
ANC_2247,European
ANC_2248,African
ANC_2249,East_Asian
ANC_2250,East_Asian
ANC_2251,South_Asian
ANC_2252,African
ANC_2253,South_Asian
ANC_2254,South_Asian
ANC_2255,European
ANC_2256,African
ANC_2257,European
ANC_2258,African
ANC_2259,European
ANC_2260,African
ANC_2261,European
ANC_2262,Native_American
ANC_2263,Native_American
ANC_2264,Native_American
ANC_2265,African
ANC_2266,Native_American
ANC_2267,African
ANC_2268,South_Asian
ANC_2269,Native_American
ANC_2270,South_Asian
ANC_2271,East_Asian
ANC_2272,East_Asian
ANC_2273,South_Asian
ANC_2274,South_Asian
ANC_2275,European
ANC_2276,Native_American
ANC_2277,African
ANC_2278,African
ANC_2279,South_Asian
ANC_2280,European
ANC_2281,European
ANC_2282,Native_American
ANC_2283,European
ANC_2284,European
ANC_2285,South_Asian
ANC_2286,African
ANC_2287,South_Asian
ANC_2288,South_Asian
ANC_2289,Native_American
ANC_2290,European
ANC_2291,South_Asian
ANC_2292,Native_American
ANC_2293,East_Asian
ANC_2294,East_Asian
ANC_2295,East_Asian
ANC_2296,South_Asian
ANC_2297,European
ANC_2298,South_Asian
ANC_2299,African
ANC_2300,European
ANC_2301,East_Asian
ANC_2302,South_Asian
ANC_2303,East_Asian
ANC_2304,European
ANC_2305,African
ANC_2306,East_Asian
ANC_2307,East_Asian
ANC_2308,East_Asian
ANC_2309,European
ANC_2310,Native_American
ANC_2311,Native_American
ANC_2312,African
ANC_2313,South_Asian
ANC_2314,Native_American
ANC_2315,Native_American
ANC_2316,Native_American
ANC_2317,East_Asian
ANC_2318,European
ANC_2319,African
ANC_2320,European
ANC_2321,South_Asian
ANC_2322,East_Asian
ANC_2323,Native_American
ANC_2324,South_Asian
ANC_2325,Native_American
ANC_2326,European
ANC_2327,East_Asian
ANC_2328,East_Asian
ANC_2329,South_Asian
ANC_2330,Native_American
ANC_2331,South_Asian
ANC_2332,European
ANC_2333,Native_American
ANC_2334,African
ANC_2335,African
ANC_2336,European
ANC_2337,European
ANC_2338,European
ANC_2339,African
ANC_2340,East_Asian
ANC_2341,European
ANC_2342,East_Asian
ANC_2343,Native_American
ANC_2344,Native_American
ANC_2345,Native_American
ANC_2346,South_Asian
ANC_2347,African
ANC_2348,South_Asian
ANC_2349,European
ANC_2350,South_Asian
ANC_2351,African
ANC_2352,Native_American
ANC_2353,East_Asian
ANC_2354,South_Asian
ANC_2355,South_Asian
ANC_2356,South_Asian
ANC_2357,African
ANC_2358,European
ANC_2359,East_Asian
ANC_2360,East_Asian
ANC_2361,South_Asian
ANC_2362,East_Asian
ANC_2363,East_Asian
ANC_2364,South_Asian
ANC_2365,Native_American
ANC_2366,African
ANC_2367,South_Asian
ANC_2368,East_Asian
ANC_2369,European
ANC_2370,East_Asian
ANC_2371,European
ANC_2372,South_Asian
ANC_2373,Native_American
ANC_2374,African
ANC_2375,East_Asian
ANC_2376,South_Asian
ANC_2377,South_Asian
ANC_2378,African
ANC_2379,African
ANC_2380,East_Asian
ANC_2381,East_Asian
ANC_2382,Native_American
ANC_2383,African
ANC_2384,European
ANC_2385,East_Asian
ANC_2386,Native_American
ANC_2387,South_Asian
ANC_2388,European
ANC_2389,African
ANC_2390,Native_American
ANC_2391,African
ANC_2392,African
ANC_2393,East_Asian
ANC_2394,South_Asian
ANC_2395,Native_American
ANC_2396,Native_American
ANC_2397,African
ANC_2398,European
ANC_2399,South_Asian
ANC_2400,South_Asian
ANC_2401,South_Asian
ANC_2402,South_Asian
ANC_2403,African
ANC_2404,European
ANC_2405,Native_American
ANC_2406,South_Asian
ANC_2407,Native_American
ANC_2408,African
ANC_2409,Native_American
ANC_2410,European
ANC_2411,Native_American
ANC_2412,South_Asian
ANC_2413,East_Asian
ANC_2414,East_Asian
ANC_2415,East_Asian
ANC_2416,European
ANC_2417,European
ANC_2418,South_Asian
ANC_2419,South_Asian
ANC_2420,Native_American
ANC_2421,East_Asian
ANC_2422,East_Asian
ANC_2423,East_Asian
ANC_2424,European
ANC_2425,East_Asian
ANC_2426,European
ANC_2427,East_Asian
ANC_2428,African
ANC_2429,East_Asian
ANC_2430,Native_American
ANC_2431,Native_American
ANC_2432,East_Asian
ANC_2433,African
ANC_2434,African
ANC_2435,African
ANC_2436,European
ANC_2437,African
ANC_2438,South_Asian
ANC_2439,African
ANC_2440,African
ANC_2441,Native_American
ANC_2442,European
ANC_2443,East_Asian
ANC_2444,Native_American
ANC_2445,European
ANC_2446,East_Asian
ANC_2447,European
ANC_2448,East_Asian
ANC_2449,European
ANC_2450,Native_American
ANC_2451,Native_American
ANC_2452,European
ANC_2453,European
ANC_2454,Native_American
ANC_2455,Native_American
ANC_2456,European
ANC_2457,European
ANC_2458,Native_American
ANC_2459,East_Asian
ANC_2460,African
ANC_2461,European
ANC_2462,European
ANC_2463,African
ANC_2464,East_Asian
ANC_2465,European
ANC_2466,East_Asian
ANC_2467,European
ANC_2468,Native_American
ANC_2469,Native_American
ANC_2470,South_Asian
ANC_2471,African
ANC_2472,European
ANC_2473,Native_American
ANC_2474,Native_American
ANC_2475,East_Asian
ANC_2476,South_Asian
ANC_2477,European
ANC_2478,East_Asian
ANC_2479,Native_American
ANC_2480,European
ANC_2481,European
ANC_2482,European
ANC_2483,South_Asian
ANC_2484,East_Asian
ANC_2485,East_Asian
ANC_2486,East_Asian
ANC_2487,East_Asian
ANC_2488,African
ANC_2489,Native_American
ANC_2490,African
ANC_2491,European
ANC_2492,East_Asian
ANC_2493,South_Asian
ANC_2494,Native_American
ANC_2495,European
ANC_2496,African
ANC_2497,Native_American
ANC_2498,South_Asian
ANC_2499,African
ANC_2500,East_Asian
ANC_2501,South_Asian
ANC_2502,East_Asian
ANC_2503,European
ANC_2504,European
ANC_2505,East_Asian
ANC_2506,Native_American
ANC_2507,European
ANC_2508,South_Asian
ANC_2509,East_Asian
ANC_2510,East_Asian
ANC_2511,East_Asian
ANC_2512,African
ANC_2513,South_Asian
ANC_2514,European
ANC_2515,European
ANC_2516,European
ANC_2517,European
ANC_2518,European
ANC_2519,African
ANC_2520,European
ANC_2521,European
ANC_2522,South_Asian
ANC_2523,African
ANC_2524,East_Asian
ANC_2525,European
ANC_2526,East_Asian
ANC_2527,East_Asian
ANC_2528,European
ANC_2529,South_Asian
ANC_2530,African
ANC_2531,African
ANC_2532,South_Asian
ANC_2533,East_Asian
ANC_2534,European
ANC_2535,East_Asian
ANC_2536,African
ANC_2537,European
ANC_2538,Native_American
ANC_2539,South_Asian
ANC_2540,European
ANC_2541,European
ANC_2542,African
ANC_2543,East_Asian
ANC_2544,South_Asian
ANC_2545,East_Asian
ANC_2546,South_Asian
ANC_2547,South_Asian
ANC_2548,East_Asian
ANC_2549,Native_American
ANC_2550,European
ANC_2551,Native_American
ANC_2552,South_Asian
ANC_2553,European
ANC_2554,South_Asian
ANC_2555,South_Asian
ANC_2556,South_Asian
ANC_2557,East_Asian
ANC_2558,South_Asian
ANC_2559,European
ANC_2560,South_Asian
ANC_2561,East_Asian
ANC_2562,Native_American
ANC_2563,Native_American
ANC_2564,European
ANC_2565,African
ANC_2566,European
ANC_2567,East_Asian
ANC_2568,South_Asian
ANC_2569,East_Asian
ANC_2570,South_Asian
ANC_2571,South_Asian
ANC_2572,African
ANC_2573,African
ANC_2574,African
ANC_2575,East_Asian
ANC_2576,East_Asian
ANC_2577,Native_American
ANC_2578,South_Asian
ANC_2579,European
ANC_2580,Native_American
ANC_2581,African
ANC_2582,East_Asian
ANC_2583,Native_American
ANC_2584,African
ANC_2585,European
ANC_2586,Native_American
ANC_2587,European
ANC_2588,African
ANC_2589,European
ANC_2590,South_Asian
ANC_2591,African
ANC_2592,African
ANC_2593,African
ANC_2594,African
ANC_2595,Native_American
ANC_2596,African
ANC_2597,South_Asian
ANC_2598,South_Asian
ANC_2599,European
ANC_2600,Native_American
ANC_2601,African
ANC_2602,European
ANC_2603,African
ANC_2604,Native_American
ANC_2605,East_Asian
ANC_2606,South_Asian
ANC_2607,East_Asian
ANC_2608,European
ANC_2609,South_Asian
ANC_2610,South_Asian
ANC_2611,East_Asian
ANC_2612,African
ANC_2613,South_Asian
ANC_2614,East_Asian
ANC_2615,East_Asian
ANC_2616,European
ANC_2617,Native_American
ANC_2618,African
ANC_2619,Native_American
ANC_2620,East_Asian
ANC_2621,African
ANC_2622,African
ANC_2623,East_Asian
ANC_2624,South_Asian
ANC_2625,South_Asian
ANC_2626,Native_American
ANC_2627,South_Asian
ANC_2628,East_Asian
ANC_2629,Native_American
ANC_2630,Native_American
ANC_2631,South_Asian
ANC_2632,South_Asian
ANC_2633,European
ANC_2634,East_Asian
ANC_2635,East_Asian
ANC_2636,African
ANC_2637,European
ANC_2638,South_Asian
ANC_2639,African
ANC_2640,East_Asian
ANC_2641,Native_American
ANC_2642,Native_American
ANC_2643,South_Asian
ANC_2644,Native_American
ANC_2645,European
ANC_2646,Native_American
ANC_2647,Native_American
ANC_2648,South_Asian
ANC_2649,African
ANC_2650,South_Asian
ANC_2651,South_Asian
ANC_2652,East_Asian
ANC_2653,South_Asian
ANC_2654,South_Asian
ANC_2655,South_Asian
ANC_2656,Native_American
ANC_2657,European
ANC_2658,European
ANC_2659,Native_American
ANC_2660,European
ANC_2661,African
ANC_2662,Native_American
ANC_2663,East_Asian
ANC_2664,African
ANC_2665,South_Asian
ANC_2666,Native_American
ANC_2667,South_Asian
ANC_2668,African
ANC_2669,European
ANC_2670,East_Asian
ANC_2671,Native_American
ANC_2672,European
ANC_2673,East_Asian
ANC_2674,East_Asian
ANC_2675,Native_American
ANC_2676,European
ANC_2677,South_Asian
ANC_2678,Native_American
ANC_2679,East_Asian
ANC_2680,South_Asian
ANC_2681,East_Asian
ANC_2682,East_Asian
ANC_2683,South_Asian
ANC_2684,European
ANC_2685,Native_American
ANC_2686,South_Asian
ANC_2687,African
ANC_2688,Native_American
ANC_2689,European
ANC_2690,European
ANC_2691,Native_American
ANC_2692,East_Asian
ANC_2693,South_Asian
ANC_2694,South_Asian
ANC_2695,East_Asian
ANC_2696,European
ANC_2697,European
ANC_2698,South_Asian
ANC_2699,South_Asian
ANC_2700,European
ANC_2701,South_Asian
ANC_2702,South_Asian
ANC_2703,South_Asian
ANC_2704,European
ANC_2705,Native_American
ANC_2706,European
ANC_2707,African
ANC_2708,East_Asian
ANC_2709,African
ANC_2710,South_Asian
ANC_2711,East_Asian
ANC_2712,East_Asian
ANC_2713,African
ANC_2714,East_Asian
ANC_2715,African
ANC_2716,African
ANC_2717,South_Asian
ANC_2718,Native_American
ANC_2719,African
ANC_2720,South_Asian
ANC_2721,South_Asian
ANC_2722,East_Asian
ANC_2723,African
ANC_2724,Native_American
ANC_2725,African
ANC_2726,European
ANC_2727,African
ANC_2728,South_Asian
ANC_2729,African
ANC_2730,African
ANC_2731,European
ANC_2732,East_Asian
ANC_2733,European
ANC_2734,South_Asian
ANC_2735,East_Asian
ANC_2736,European
ANC_2737,European
ANC_2738,East_Asian
ANC_2739,African
ANC_2740,European
ANC_2741,European
ANC_2742,European
ANC_2743,African
ANC_2744,East_Asian
ANC_2745,East_Asian
ANC_2746,East_Asian
ANC_2747,East_Asian
ANC_2748,South_Asian
ANC_2749,African
ANC_2750,South_Asian
ANC_2751,East_Asian
ANC_2752,African
ANC_2753,East_Asian
ANC_2754,Native_American
ANC_2755,South_Asian
ANC_2756,African
ANC_2757,Native_American
ANC_2758,African
ANC_2759,African
ANC_2760,South_Asian
ANC_2761,European
ANC_2762,African
ANC_2763,African
ANC_2764,East_Asian
ANC_2765,Native_American
ANC_2766,South_Asian
ANC_2767,Native_American
ANC_2768,European
ANC_2769,African
ANC_2770,East_Asian
ANC_2771,Native_American
ANC_2772,East_Asian
ANC_2773,African
ANC_2774,South_Asian
ANC_2775,South_Asian
ANC_2776,European
ANC_2777,Native_American
ANC_2778,Native_American
ANC_2779,African
ANC_2780,East_Asian
ANC_2781,Native_American
ANC_2782,East_Asian
ANC_2783,African
ANC_2784,East_Asian
ANC_2785,Native_American
ANC_2786,East_Asian
ANC_2787,African
ANC_2788,South_Asian
ANC_2789,East_Asian
ANC_2790,European
ANC_2791,African
ANC_2792,European
ANC_2793,Native_American
ANC_2794,East_Asian
ANC_2795,East_Asian
ANC_2796,South_Asian
ANC_2797,African
ANC_2798,Native_American
ANC_2799,East_Asian
ANC_2800,Native_American
ANC_2801,Native_American
ANC_2802,South_Asian
ANC_2803,South_Asian
ANC_2804,Native_American
ANC_2805,Native_American
ANC_2806,European
ANC_2807,Native_American
ANC_2808,European
ANC_2809,Native_American
ANC_2810,Native_American
ANC_2811,European
ANC_2812,African
ANC_2813,South_Asian
ANC_2814,African
ANC_2815,European
ANC_2816,Native_American
ANC_2817,South_Asian
ANC_2818,European
ANC_2819,South_Asian
ANC_2820,African
ANC_2821,Native_American
ANC_2822,African
ANC_2823,Native_American
ANC_2824,Native_American
ANC_2825,South_Asian
ANC_2826,European
ANC_2827,European
ANC_2828,European
ANC_2829,African
ANC_2830,East_Asian
ANC_2831,Native_American
ANC_2832,European
ANC_2833,Native_American
ANC_2834,Native_American
ANC_2835,East_Asian
ANC_2836,Native_American
ANC_2837,European
ANC_2838,East_Asian
ANC_2839,East_Asian
ANC_2840,East_Asian
ANC_2841,European
ANC_2842,East_Asian
ANC_2843,Native_American
ANC_2844,East_Asian
ANC_2845,South_Asian
ANC_2846,Native_American
ANC_2847,European
ANC_2848,European
ANC_2849,South_Asian
ANC_2850,African
ANC_2851,Native_American
ANC_2852,Native_American
ANC_2853,East_Asian
ANC_2854,African
ANC_2855,European
ANC_2856,Native_American
ANC_2857,European
ANC_2858,African
ANC_2859,African
ANC_2860,African
ANC_2861,South_Asian
ANC_2862,Native_American
ANC_2863,South_Asian
ANC_2864,European
ANC_2865,European
ANC_2866,East_Asian
ANC_2867,Native_American
ANC_2868,East_Asian
ANC_2869,African
ANC_2870,African
ANC_2871,European
ANC_2872,African
ANC_2873,East_Asian
ANC_2874,East_Asian
ANC_2875,South_Asian
ANC_2876,European
ANC_2877,European
ANC_2878,South_Asian
ANC_2879,South_Asian
ANC_2880,European
ANC_2881,Native_American
ANC_2882,South_Asian
ANC_2883,East_Asian
ANC_2884,African
ANC_2885,African
ANC_2886,Native_American
ANC_2887,European
ANC_2888,East_Asian
ANC_2889,East_Asian
ANC_2890,East_Asian
ANC_2891,South_Asian
ANC_2892,East_Asian
ANC_2893,East_Asian
ANC_2894,Native_American
ANC_2895,East_Asian
ANC_2896,East_Asian
ANC_2897,African
ANC_2898,European
ANC_2899,Native_American
ANC_2900,African
ANC_2901,African
ANC_2902,East_Asian
ANC_2903,East_Asian
ANC_2904,European
ANC_2905,African
ANC_2906,European
ANC_2907,European
ANC_2908,African
ANC_2909,East_Asian
ANC_2910,South_Asian
ANC_2911,South_Asian
ANC_2912,East_Asian
ANC_2913,Native_American
ANC_2914,African
ANC_2915,African
ANC_2916,African
ANC_2917,African
ANC_2918,European
ANC_2919,European
ANC_2920,African
ANC_2921,Native_American
ANC_2922,African
ANC_2923,East_Asian
ANC_2924,East_Asian
ANC_2925,European
ANC_2926,Native_American
ANC_2927,European
ANC_2928,African
ANC_2929,European
ANC_2930,African
ANC_2931,South_Asian
ANC_2932,South_Asian
ANC_2933,European
ANC_2934,African
ANC_2935,African
ANC_2936,South_Asian
ANC_2937,African
ANC_2938,East_Asian
ANC_2939,South_Asian
ANC_2940,East_Asian
ANC_2941,European
ANC_2942,African
ANC_2943,East_Asian
ANC_2944,European
ANC_2945,South_Asian
ANC_2946,East_Asian
ANC_2947,Native_American
ANC_2948,East_Asian
ANC_2949,Native_American
ANC_2950,European
ANC_2951,East_Asian
ANC_2952,South_Asian
ANC_2953,African
ANC_2954,East_Asian
ANC_2955,East_Asian
ANC_2956,East_Asian
ANC_2957,Native_American
ANC_2958,African
ANC_2959,African
ANC_2960,South_Asian
ANC_2961,African
ANC_2962,East_Asian
ANC_2963,East_Asian
ANC_2964,Native_American
ANC_2965,European
ANC_2966,East_Asian
ANC_2967,East_Asian
ANC_2968,Native_American
ANC_2969,East_Asian
ANC_2970,South_Asian
ANC_2971,Native_American
ANC_2972,East_Asian
ANC_2973,African
ANC_2974,Native_American
ANC_2975,Native_American
ANC_2976,African
ANC_2977,European
ANC_2978,East_Asian
ANC_2979,European
ANC_2980,South_Asian
ANC_2981,East_Asian
ANC_2982,European
ANC_2983,African
ANC_2984,South_Asian
ANC_2985,Native_American
ANC_2986,African
ANC_2987,Native_American
ANC_2988,Native_American
ANC_2989,South_Asian
ANC_2990,South_Asian
ANC_2991,East_Asian
ANC_2992,African
ANC_2993,Native_American
ANC_2994,South_Asian
ANC_2995,European
ANC_2996,East_Asian
ANC_2997,Native_American
ANC_2998,South_Asian
ANC_2999,South_Asian
