sample_id,eye_color
TRAIN_0000,blue
TRAIN_0001,green
TRAIN_0002,brown
TRAIN_0003,blue
TRAIN_0004,blue
TRAIN_0005,brown
TRAIN_0006,blue
TRAIN_0007,hazel
TRAIN_0008,green
TRAIN_0009,brown
TRAIN_0010,blue
TRAIN_0011,brown
TRAIN_0012,green
TRAIN_0013,brown
TRAIN_0014,brown
TRAIN_0015,blue
TRAIN_0016,blue
TRAIN_0017,brown
TRAIN_0018,hazel
TRAIN_0019,blue
TRAIN_0020,brown
TRAIN_0021,blue
TRAIN_0022,brown
TRAIN_0023,hazel
TRAIN_0024,blue
TRAIN_0025,blue
TRAIN_0026,brown
TRAIN_0027,green
TRAIN_0028,green
TRAIN_0029,hazel
TRAIN_0030,brown
TRAIN_0031,brown
TRAIN_0032,brown
TRAIN_0033,blue
TRAIN_0034,green
TRAIN_0035,blue
TRAIN_0036,hazel
TRAIN_0037,blue
TRAIN_0038,blue
TRAIN_0039,brown
TRAIN_0040,blue
TRAIN_0041,blue
TRAIN_0042,green
TRAIN_0043,green
TRAIN_0044,blue
TRAIN_0045,green
TRAIN_0046,brown
TRAIN_0047,green
TRAIN_0048,blue
TRAIN_0049,brown
TRAIN_0050,blue
TRAIN_0051,blue
TRAIN_0052,blue
TRAIN_0053,hazel
TRAIN_0054,green
TRAIN_0055,brown
TRAIN_0056,hazel
TRAIN_0057,hazel
TRAIN_0058,green
TRAIN_0059,blue
TRAIN_0060,brown
TRAIN_0061,brown
TRAIN_0062,green
TRAIN_0063,blue
TRAIN_0064,blue
TRAIN_0065,blue
TRAIN_0066,hazel
TRAIN_0067,green
TRAIN_0068,brown
TRAIN_0069,blue
TRAIN_0070,brown
TRAIN_0071,blue
TRAIN_0072,green
TRAIN_0073,green
TRAIN_0074,brown
TRAIN_0075,brown
TRAIN_0076,hazel
TRAIN_0077,brown
TRAIN_0078,brown
TRAIN_0079,green
TRAIN_0080,blue
TRAIN_0081,green
TRAIN_0082,hazel
TRAIN_0083,blue
TRAIN_0084,green
TRAIN_0085,brown
TRAIN_0086,hazel
TRAIN_0087,blue
TRAIN_0088,brown
TRAIN_0089,brown
TRAIN_0090,brown
TRAIN_0091,brown
TRAIN_0092,green
TRAIN_0093,blue
TRAIN_0094,blue
TRAIN_0095,brown
TRAIN_0096,hazel
TRAIN_0097,brown
TRAIN_0098,hazel
TRAIN_0099,blue
TRAIN_0100,blue
TRAIN_0101,green
TRAIN_0102,brown
TRAIN_0103,blue
TRAIN_0104,hazel
TRAIN_0105,blue
TRAIN_0106,brown
TRAIN_0107,hazel
TRAIN_0108,green
TRAIN_0109,hazel
TRAIN_0110,brown
TRAIN_0111,hazel
TRAIN_0112,green
TRAIN_0113,blue
TRAIN_0114,hazel
TRAIN_0115,brown
TRAIN_0116,brown
TRAIN_0117,blue
TRAIN_0118,hazel
TRAIN_0119,blue
TRAIN_0120,brown
TRAIN_0121,blue
TRAIN_0122,green
TRAIN_0123,hazel
TRAIN_0124,brown
TRAIN_0125,blue
TRAIN_0126,hazel
TRAIN_0127,blue
TRAIN_0128,brown
TRAIN_0129,green
TRAIN_0130,brown
TRAIN_0131,brown
TRAIN_0132,brown
TRAIN_0133,blue
TRAIN_0134,blue
TRAIN_0135,hazel
TRAIN_0136,blue
TRAIN_0137,blue
TRAIN_0138,hazel
TRAIN_0139,brown
TRAIN_0140,brown
TRAIN_0141,blue
TRAIN_0142,green
TRAIN_0143,green
TRAIN_0144,hazel
TRAIN_0145,blue
TRAIN_0146,brown
TRAIN_0147,blue
TRAIN_0148,brown
TRAIN_0149,blue
TRAIN_0150,hazel
TRAIN_0151,green
TRAIN_0152,green
TRAIN_0153,brown
TRAIN_0154,blue
TRAIN_0155,green
TRAIN_0156,brown
TRAIN_0157,blue
TRAIN_0158,brown
TRAIN_0159,blue
TRAIN_0160,blue
TRAIN_0161,brown
TRAIN_0162,brown
TRAIN_0163,hazel
TRAIN_0164,hazel
TRAIN_0165,blue
TRAIN_0166,green
TRAIN_0167,green
TRAIN_0168,hazel
TRAIN_0169,blue
TRAIN_0170,blue
TRAIN_0171,brown
TRAIN_0172,green
TRAIN_0173,green
TRAIN_0174,brown
TRAIN_0175,brown
TRAIN_0176,brown
TRAIN_0177,blue
TRAIN_0178,blue
TRAIN_0179,brown
TRAIN_0180,brown
TRAIN_0181,brown
TRAIN_0182,blue
TRAIN_0183,brown
TRAIN_0184,green
TRAIN_0185,brown
TRAIN_0186,blue
TRAIN_0187,blue
TRAIN_0188,brown
TRAIN_0189,blue
TRAIN_0190,green
TRAIN_0191,green
TRAIN_0192,hazel
TRAIN_0193,green
TRAIN_0194,brown
TRAIN_0195,blue
TRAIN_0196,blue
TRAIN_0197,blue
TRAIN_0198,brown
TRAIN_0199,brown
TRAIN_0200,blue
TRAIN_0201,blue
TRAIN_0202,hazel
TRAIN_0203,blue
TRAIN_0204,brown
TRAIN_0205,green
TRAIN_0206,brown
TRAIN_0207,brown
TRAIN_0208,green
TRAIN_0209,brown
TRAIN_0210,green
TRAIN_0211,blue
TRAIN_0212,hazel
TRAIN_0213,blue
TRAIN_0214,hazel
TRAIN_0215,brown
TRAIN_0216,green
TRAIN_0217,blue
TRAIN_0218,brown
TRAIN_0219,blue
TRAIN_0220,green
TRAIN_0221,blue
TRAIN_0222,blue
TRAIN_0223,blue
TRAIN_0224,hazel
TRAIN_0225,blue
TRAIN_0226,blue
TRAIN_0227,hazel
TRAIN_0228,brown
TRAIN_0229,blue
TRAIN_0230,brown
TRAIN_0231,blue
TRAIN_0232,blue
TRAIN_0233,brown
TRAIN_0234,brown
TRAIN_0235,green
TRAIN_0236,blue
TRAIN_0237,hazel
TRAIN_0238,brown
TRAIN_0239,green
TRAIN_0240,brown
TRAIN_0241,brown
TRAIN_0242,brown
TRAIN_0243,blue
TRAIN_0244,blue
TRAIN_0245,blue
TRAIN_0246,brown
TRAIN_0247,brown
TRAIN_0248,blue
TRAIN_0249,brown
TRAIN_0250,blue
TRAIN_0251,green
TRAIN_0252,brown
TRAIN_0253,blue
TRAIN_0254,brown
TRAIN_0255,green
TRAIN_0256,brown
TRAIN_0257,brown
TRAIN_0258,green
TRAIN_0259,green
TRAIN_0260,green
TRAIN_0261,brown
TRAIN_0262,green
TRAIN_0263,green
TRAIN_0264,blue
TRAIN_0265,brown
TRAIN_0266,brown
TRAIN_0267,green
TRAIN_0268,brown
TRAIN_0269,blue
TRAIN_0270,green
TRAIN_0271,green
TRAIN_0272,green
TRAIN_0273,brown
TRAIN_0274,hazel
TRAIN_0275,blue
TRAIN_0276,hazel
TRAIN_0277,hazel
TRAIN_0278,blue
TRAIN_0279,brown
TRAIN_0280,blue
TRAIN_0281,brown
TRAIN_0282,brown
TRAIN_0283,brown
TRAIN_0284,brown
TRAIN_0285,blue
TRAIN_0286,blue
TRAIN_0287,green
TRAIN_0288,green
TRAIN_0289,blue
TRAIN_0290,brown
TRAIN_0291,hazel
TRAIN_0292,brown
TRAIN_0293,brown
TRAIN_0294,hazel
TRAIN_0295,blue
TRAIN_0296,green
TRAIN_0297,brown
TRAIN_0298,brown
TRAIN_0299,green
TRAIN_0300,blue
TRAIN_0301,green
TRAIN_0302,blue
TRAIN_0303,hazel
TRAIN_0304,blue
TRAIN_0305,blue
TRAIN_0306,green
TRAIN_0307,hazel
TRAIN_0308,green
TRAIN_0309,brown
TRAIN_0310,hazel
TRAIN_0311,blue
TRAIN_0312,green
TRAIN_0313,blue
TRAIN_0314,green
TRAIN_0315,green
TRAIN_0316,hazel
TRAIN_0317,green
TRAIN_0318,blue
TRAIN_0319,blue
TRAIN_0320,blue
TRAIN_0321,blue
TRAIN_0322,brown
TRAIN_0323,brown
TRAIN_0324,hazel
TRAIN_0325,hazel
TRAIN_0326,blue
TRAIN_0327,hazel
TRAIN_0328,green
TRAIN_0329,green
TRAIN_0330,brown
TRAIN_0331,blue
TRAIN_0332,green
TRAIN_0333,hazel
TRAIN_0334,blue
TRAIN_0335,blue
TRAIN_0336,brown
TRAIN_0337,hazel
TRAIN_0338,blue
TRAIN_0339,green
TRAIN_0340,blue
TRAIN_0341,green
TRAIN_0342,blue
TRAIN_0343,blue
TRAIN_0344,green
TRAIN_0345,brown
TRAIN_0346,blue
TRAIN_0347,green
TRAIN_0348,blue
TRAIN_0349,brown
TRAIN_0350,brown
TRAIN_0351,brown
TRAIN_0352,brown
TRAIN_0353,green
TRAIN_0354,brown
TRAIN_0355,brown
TRAIN_0356,blue
TRAIN_0357,blue
TRAIN_0358,green
TRAIN_0359,green
TRAIN_0360,green
TRAIN_0361,blue
TRAIN_0362,hazel
TRAIN_0363,blue
TRAIN_0364,green
TRAIN_0365,blue
TRAIN_0366,hazel
TRAIN_0367,blue
TRAIN_0368,brown
TRAIN_0369,green
TRAIN_0370,brown
TRAIN_0371,brown
TRAIN_0372,blue
TRAIN_0373,blue
TRAIN_0374,brown
TRAIN_0375,blue
TRAIN_0376,blue
TRAIN_0377,blue
TRAIN_0378,green
TRAIN_0379,blue
TRAIN_0380,blue
TRAIN_0381,blue
TRAIN_0382,blue
TRAIN_0383,green
TRAIN_0384,green
TRAIN_0385,green
TRAIN_0386,blue
TRAIN_0387,hazel
TRAIN_0388,blue
TRAIN_0389,brown
TRAIN_0390,hazel
TRAIN_0391,brown
TRAIN_0392,blue
TRAIN_0393,blue
TRAIN_0394,hazel
TRAIN_0395,blue
TRAIN_0396,brown
TRAIN_0397,green
TRAIN_0398,green
TRAIN_0399,green
TRAIN_0400,brown
TRAIN_0401,green
TRAIN_0402,blue
TRAIN_0403,green
TRAIN_0404,hazel
TRAIN_0405,brown
TRAIN_0406,green
TRAIN_0407,green
TRAIN_0408,brown
TRAIN_0409,green
TRAIN_0410,hazel
TRAIN_0411,blue
TRAIN_0412,blue
TRAIN_0413,brown
TRAIN_0414,green
TRAIN_0415,brown
TRAIN_0416,hazel
TRAIN_0417,green
TRAIN_0418,hazel
TRAIN_0419,blue
TRAIN_0420,hazel
TRAIN_0421,blue
TRAIN_0422,blue
TRAIN_0423,brown
TRAIN_0424,blue
TRAIN_0425,hazel
TRAIN_0426,brown
TRAIN_0427,blue
TRAIN_0428,blue
TRAIN_0429,blue
TRAIN_0430,blue
TRAIN_0431,hazel
TRAIN_0432,blue
TRAIN_0433,blue
TRAIN_0434,blue
TRAIN_0435,brown
TRAIN_0436,hazel
TRAIN_0437,blue
TRAIN_0438,green
TRAIN_0439,green
TRAIN_0440,brown
TRAIN_0441,brown
TRAIN_0442,green
TRAIN_0443,blue
TRAIN_0444,blue
TRAIN_0445,brown
TRAIN_0446,blue
TRAIN_0447,brown
TRAIN_0448,hazel
TRAIN_0449,green
TRAIN_0450,hazel
TRAIN_0451,brown
TRAIN_0452,brown
TRAIN_0453,green
TRAIN_0454,brown
TRAIN_0455,brown
TRAIN_0456,brown
TRAIN_0457,blue
TRAIN_0458,blue
TRAIN_0459,green
TRAIN_0460,blue
TRAIN_0461,green
TRAIN_0462,blue
TRAIN_0463,brown
TRAIN_0464,brown
TRAIN_0465,brown
TRAIN_0466,hazel
TRAIN_0467,blue
TRAIN_0468,blue
TRAIN_0469,hazel
TRAIN_0470,brown
TRAIN_0471,brown
TRAIN_0472,hazel
TRAIN_0473,brown
TRAIN_0474,blue
TRAIN_0475,brown
TRAIN_0476,hazel
TRAIN_0477,hazel
TRAIN_0478,brown
TRAIN_0479,brown
TRAIN_0480,green
TRAIN_0481,blue
TRAIN_0482,brown
TRAIN_0483,brown
TRAIN_0484,blue
TRAIN_0485,hazel
TRAIN_0486,blue
TRAIN_0487,brown
TRAIN_0488,brown
TRAIN_0489,brown
TRAIN_0490,blue
TRAIN_0491,blue
TRAIN_0492,green
TRAIN_0493,green
TRAIN_0494,brown
TRAIN_0495,brown
TRAIN_0496,green
TRAIN_0497,brown
TRAIN_0498,brown
TRAIN_0499,blue
TRAIN_0500,brown
TRAIN_0501,brown
TRAIN_0502,brown
TRAIN_0503,hazel
TRAIN_0504,hazel
TRAIN_0505,blue
TRAIN_0506,blue
TRAIN_0507,green
TRAIN_0508,blue
TRAIN_0509,blue
TRAIN_0510,hazel
TRAIN_0511,green
TRAIN_0512,blue
TRAIN_0513,green
TRAIN_0514,blue
TRAIN_0515,brown
TRAIN_0516,hazel
TRAIN_0517,hazel
TRAIN_0518,hazel
TRAIN_0519,blue
TRAIN_0520,blue
TRAIN_0521,blue
TRAIN_0522,green
TRAIN_0523,blue
TRAIN_0524,blue
TRAIN_0525,brown
TRAIN_0526,blue
TRAIN_0527,blue
TRAIN_0528,brown
TRAIN_0529,green
TRAIN_0530,brown
TRAIN_0531,blue
TRAIN_0532,brown
TRAIN_0533,hazel
TRAIN_0534,brown
TRAIN_0535,brown
TRAIN_0536,blue
TRAIN_0537,brown
TRAIN_0538,green
TRAIN_0539,blue
TRAIN_0540,brown
TRAIN_0541,green
TRAIN_0542,blue
TRAIN_0543,green
TRAIN_0544,blue
TRAIN_0545,blue
TRAIN_0546,blue
TRAIN_0547,blue
TRAIN_0548,blue
TRAIN_0549,green
TRAIN_0550,green
TRAIN_0551,hazel
TRAIN_0552,brown
TRAIN_0553,brown
TRAIN_0554,brown
TRAIN_0555,blue
TRAIN_0556,blue
TRAIN_0557,blue
TRAIN_0558,brown
TRAIN_0559,blue
TRAIN_0560,brown
TRAIN_0561,brown
TRAIN_0562,hazel
TRAIN_0563,blue
TRAIN_0564,hazel
TRAIN_0565,hazel
TRAIN_0566,green
TRAIN_0567,brown
TRAIN_0568,green
TRAIN_0569,hazel
TRAIN_0570,brown
TRAIN_0571,brown
TRAIN_0572,brown
TRAIN_0573,blue
TRAIN_0574,blue
TRAIN_0575,brown
TRAIN_0576,hazel
TRAIN_0577,green
TRAIN_0578,blue
TRAIN_0579,blue
TRAIN_0580,blue
TRAIN_0581,blue
TRAIN_0582,green
TRAIN_0583,brown
TRAIN_0584,green
TRAIN_0585,blue
TRAIN_0586,green
TRAIN_0587,brown
TRAIN_0588,brown
TRAIN_0589,green
TRAIN_0590,blue
TRAIN_0591,blue
TRAIN_0592,brown
TRAIN_0593,brown
TRAIN_0594,blue
TRAIN_0595,green
TRAIN_0596,brown
TRAIN_0597,blue
TRAIN_0598,blue
TRAIN_0599,blue
TRAIN_0600,green
TRAIN_0601,blue
TRAIN_0602,blue
TRAIN_0603,brown
TRAIN_0604,hazel
TRAIN_0605,blue
TRAIN_0606,green
TRAIN_0607,green
TRAIN_0608,hazel
TRAIN_0609,hazel
TRAIN_0610,brown
TRAIN_0611,blue
TRAIN_0612,blue
TRAIN_0613,hazel
TRAIN_0614,brown
TRAIN_0615,blue
TRAIN_0616,brown
TRAIN_0617,brown
TRAIN_0618,green
TRAIN_0619,blue
TRAIN_0620,green
TRAIN_0621,blue
TRAIN_0622,blue
TRAIN_0623,blue
TRAIN_0624,blue
TRAIN_0625,blue
TRAIN_0626,green
TRAIN_0627,brown
TRAIN_0628,green
TRAIN_0629,green
TRAIN_0630,green
TRAIN_0631,green
TRAIN_0632,blue
TRAIN_0633,hazel
TRAIN_0634,green
TRAIN_0635,green
TRAIN_0636,hazel
TRAIN_0637,blue
TRAIN_0638,brown
TRAIN_0639,blue
TRAIN_0640,blue
TRAIN_0641,hazel
TRAIN_0642,blue
TRAIN_0643,blue
TRAIN_0644,brown
TRAIN_0645,blue
TRAIN_0646,blue
TRAIN_0647,blue
TRAIN_0648,brown
TRAIN_0649,blue
TRAIN_0650,green
TRAIN_0651,hazel
TRAIN_0652,green
TRAIN_0653,green
TRAIN_0654,green
TRAIN_0655,blue
TRAIN_0656,blue
TRAIN_0657,blue
TRAIN_0658,brown
TRAIN_0659,blue
TRAIN_0660,blue
TRAIN_0661,hazel
TRAIN_0662,blue
TRAIN_0663,blue
TRAIN_0664,green
TRAIN_0665,blue
TRAIN_0666,hazel
TRAIN_0667,blue
TRAIN_0668,brown
TRAIN_0669,brown
TRAIN_0670,brown
TRAIN_0671,brown
TRAIN_0672,brown
TRAIN_0673,green
TRAIN_0674,brown
TRAIN_0675,green
TRAIN_0676,green
TRAIN_0677,blue
TRAIN_0678,green
TRAIN_0679,brown
TRAIN_0680,blue
TRAIN_0681,blue
TRAIN_0682,brown
TRAIN_0683,hazel
TRAIN_0684,brown
TRAIN_0685,blue
TRAIN_0686,brown
TRAIN_0687,blue
TRAIN_0688,green
TRAIN_0689,blue
TRAIN_0690,blue
TRAIN_0691,green
TRAIN_0692,brown
TRAIN_0693,blue
TRAIN_0694,blue
TRAIN_0695,brown
TRAIN_0696,brown
TRAIN_0697,brown
TRAIN_0698,green
TRAIN_0699,hazel
TRAIN_0700,hazel
TRAIN_0701,hazel
TRAIN_0702,hazel
TRAIN_0703,brown
TRAIN_0704,green
TRAIN_0705,blue
TRAIN_0706,brown
TRAIN_0707,green
TRAIN_0708,hazel
TRAIN_0709,blue
TRAIN_0710,brown
TRAIN_0711,green
TRAIN_0712,green
TRAIN_0713,hazel
TRAIN_0714,brown
TRAIN_0715,green
TRAIN_0716,blue
TRAIN_0717,blue
TRAIN_0718,blue
TRAIN_0719,blue
TRAIN_0720,blue
TRAIN_0721,blue
TRAIN_0722,green
TRAIN_0723,blue
TRAIN_0724,blue
TRAIN_0725,blue
TRAIN_0726,hazel
TRAIN_0727,blue
TRAIN_0728,green
TRAIN_0729,green
TRAIN_0730,green
TRAIN_0731,blue
TRAIN_0732,brown
TRAIN_0733,blue
TRAIN_0734,blue
TRAIN_0735,green
TRAIN_0736,brown
TRAIN_0737,brown
TRAIN_0738,blue
TRAIN_0739,blue
TRAIN_0740,blue
TRAIN_0741,blue
TRAIN_0742,brown
TRAIN_0743,blue
TRAIN_0744,brown
TRAIN_0745,blue
TRAIN_0746,blue
TRAIN_0747,green
TRAIN_0748,blue
TRAIN_0749,brown
TRAIN_0750,green
TRAIN_0751,blue
TRAIN_0752,blue
TRAIN_0753,brown
TRAIN_0754,brown
TRAIN_0755,hazel
TRAIN_0756,blue
TRAIN_0757,brown
TRAIN_0758,blue
TRAIN_0759,brown
TRAIN_0760,blue
TRAIN_0761,brown
TRAIN_0762,green
TRAIN_0763,green
TRAIN_0764,green
TRAIN_0765,blue
TRAIN_0766,brown
TRAIN_0767,green
TRAIN_0768,brown
TRAIN_0769,blue
TRAIN_0770,brown
TRAIN_0771,green
TRAIN_0772,brown
TRAIN_0773,brown
TRAIN_0774,brown
TRAIN_0775,blue
TRAIN_0776,green
TRAIN_0777,green
TRAIN_0778,hazel
TRAIN_0779,green
TRAIN_0780,brown
TRAIN_0781,green
TRAIN_0782,brown
TRAIN_0783,blue
TRAIN_0784,hazel
TRAIN_0785,green
TRAIN_0786,blue
TRAIN_0787,blue
TRAIN_0788,blue
TRAIN_0789,brown
TRAIN_0790,blue
TRAIN_0791,blue
TRAIN_0792,green
TRAIN_0793,hazel
TRAIN_0794,brown
TRAIN_0795,green
TRAIN_0796,blue
TRAIN_0797,brown
TRAIN_0798,blue
TRAIN_0799,blue
TRAIN_0800,brown
TRAIN_0801,brown
TRAIN_0802,green
TRAIN_0803,brown
TRAIN_0804,blue
TRAIN_0805,green
TRAIN_0806,blue
TRAIN_0807,green
TRAIN_0808,brown
TRAIN_0809,brown
TRAIN_0810,blue
TRAIN_0811,hazel
TRAIN_0812,blue
TRAIN_0813,brown
TRAIN_0814,blue
TRAIN_0815,hazel
TRAIN_0816,green
TRAIN_0817,green
TRAIN_0818,green
TRAIN_0819,green
TRAIN_0820,brown
TRAIN_0821,brown
TRAIN_0822,green
TRAIN_0823,blue
TRAIN_0824,hazel
TRAIN_0825,brown
TRAIN_0826,blue
TRAIN_0827,blue
TRAIN_0828,blue
TRAIN_0829,brown
TRAIN_0830,green
TRAIN_0831,brown
TRAIN_0832,blue
TRAIN_0833,blue
TRAIN_0834,brown
TRAIN_0835,blue
TRAIN_0836,blue
TRAIN_0837,blue
TRAIN_0838,blue
TRAIN_0839,blue
TRAIN_0840,green
TRAIN_0841,blue
TRAIN_0842,green
TRAIN_0843,green
TRAIN_0844,hazel
TRAIN_0845,brown
TRAIN_0846,green
TRAIN_0847,blue
TRAIN_0848,blue
TRAIN_0849,green
TRAIN_0850,blue
TRAIN_0851,brown
TRAIN_0852,hazel
TRAIN_0853,brown
TRAIN_0854,hazel
TRAIN_0855,green
TRAIN_0856,brown
TRAIN_0857,blue
TRAIN_0858,brown
TRAIN_0859,hazel
TRAIN_0860,green
TRAIN_0861,green
TRAIN_0862,hazel
TRAIN_0863,blue
TRAIN_0864,blue
TRAIN_0865,green
TRAIN_0866,green
TRAIN_0867,brown
TRAIN_0868,brown
TRAIN_0869,blue
TRAIN_0870,green
TRAIN_0871,blue
TRAIN_0872,green
TRAIN_0873,green
TRAIN_0874,blue
TRAIN_0875,blue
TRAIN_0876,green
TRAIN_0877,blue
TRAIN_0878,brown
TRAIN_0879,brown
TRAIN_0880,hazel
TRAIN_0881,green
TRAIN_0882,green
TRAIN_0883,brown
TRAIN_0884,blue
TRAIN_0885,brown
TRAIN_0886,brown
TRAIN_0887,brown
TRAIN_0888,green
TRAIN_0889,green
TRAIN_0890,brown
TRAIN_0891,green
TRAIN_0892,blue
TRAIN_0893,brown
TRAIN_0894,blue
TRAIN_0895,hazel
TRAIN_0896,blue
TRAIN_0897,brown
TRAIN_0898,hazel
TRAIN_0899,blue
TRAIN_0900,blue
TRAIN_0901,blue
TRAIN_0902,blue
TRAIN_0903,blue
TRAIN_0904,green
TRAIN_0905,brown
TRAIN_0906,hazel
TRAIN_0907,brown
TRAIN_0908,blue
TRAIN_0909,blue
TRAIN_0910,hazel
TRAIN_0911,brown
TRAIN_0912,blue
TRAIN_0913,brown
TRAIN_0914,blue
TRAIN_0915,blue
TRAIN_0916,green
TRAIN_0917,hazel
TRAIN_0918,green
TRAIN_0919,brown
TRAIN_0920,blue
TRAIN_0921,green
TRAIN_0922,hazel
TRAIN_0923,blue
TRAIN_0924,blue
TRAIN_0925,brown
TRAIN_0926,green
TRAIN_0927,hazel
TRAIN_0928,blue
TRAIN_0929,blue
TRAIN_0930,blue
TRAIN_0931,green
TRAIN_0932,brown
TRAIN_0933,blue
TRAIN_0934,brown
TRAIN_0935,blue
TRAIN_0936,brown
TRAIN_0937,brown
TRAIN_0938,brown
TRAIN_0939,brown
TRAIN_0940,blue
TRAIN_0941,brown
TRAIN_0942,green
TRAIN_0943,blue
TRAIN_0944,brown
TRAIN_0945,hazel
TRAIN_0946,green
TRAIN_0947,green
TRAIN_0948,hazel
TRAIN_0949,blue
TRAIN_0950,green
TRAIN_0951,brown
TRAIN_0952,hazel
TRAIN_0953,hazel
TRAIN_0954,blue
TRAIN_0955,blue
TRAIN_0956,blue
TRAIN_0957,brown
TRAIN_0958,brown
TRAIN_0959,green
TRAIN_0960,blue
TRAIN_0961,brown
TRAIN_0962,brown
TRAIN_0963,blue
TRAIN_0964,green
TRAIN_0965,hazel
TRAIN_0966,brown
TRAIN_0967,green
TRAIN_0968,brown
TRAIN_0969,green
TRAIN_0970,hazel
TRAIN_0971,blue
TRAIN_0972,brown
TRAIN_0973,blue
TRAIN_0974,green
TRAIN_0975,green
TRAIN_0976,blue
TRAIN_0977,hazel
TRAIN_0978,brown
TRAIN_0979,brown
TRAIN_0980,hazel
TRAIN_0981,green
TRAIN_0982,green
TRAIN_0983,blue
TRAIN_0984,brown
TRAIN_0985,brown
TRAIN_0986,green
TRAIN_0987,blue
TRAIN_0988,blue
TRAIN_0989,brown
TRAIN_0990,hazel
TRAIN_0991,blue
TRAIN_0992,brown
TRAIN_0993,brown
TRAIN_0994,brown
TRAIN_0995,blue
TRAIN_0996,green
TRAIN_0997,brown
TRAIN_0998,blue
TRAIN_0999,blue
TRAIN_1000,blue
TRAIN_1001,hazel
TRAIN_1002,blue
TRAIN_1003,green
TRAIN_1004,blue
TRAIN_1005,blue
TRAIN_1006,blue
TRAIN_1007,hazel
TRAIN_1008,green
TRAIN_1009,brown
TRAIN_1010,green
TRAIN_1011,brown
TRAIN_1012,green
TRAIN_1013,blue
TRAIN_1014,green
TRAIN_1015,blue
TRAIN_1016,green
TRAIN_1017,brown
TRAIN_1018,blue
TRAIN_1019,green
TRAIN_1020,green
TRAIN_1021,blue
TRAIN_1022,blue
TRAIN_1023,brown
TRAIN_1024,blue
TRAIN_1025,green
TRAIN_1026,green
TRAIN_1027,blue
TRAIN_1028,blue
TRAIN_1029,blue
TRAIN_1030,green
TRAIN_1031,blue
TRAIN_1032,blue
TRAIN_1033,blue
TRAIN_1034,green
TRAIN_1035,green
TRAIN_1036,brown
TRAIN_1037,hazel
TRAIN_1038,hazel
TRAIN_1039,hazel
TRAIN_1040,brown
TRAIN_1041,blue
TRAIN_1042,blue
TRAIN_1043,green
TRAIN_1044,brown
TRAIN_1045,brown
TRAIN_1046,green
TRAIN_1047,blue
TRAIN_1048,blue
TRAIN_1049,blue
TRAIN_1050,blue
TRAIN_1051,blue
TRAIN_1052,green
TRAIN_1053,hazel
TRAIN_1054,hazel
TRAIN_1055,blue
TRAIN_1056,green
TRAIN_1057,hazel
TRAIN_1058,brown
TRAIN_1059,brown
TRAIN_1060,brown
TRAIN_1061,brown
TRAIN_1062,brown
TRAIN_1063,brown
TRAIN_1064,hazel
TRAIN_1065,brown
TRAIN_1066,blue
TRAIN_1067,blue
TRAIN_1068,blue
TRAIN_1069,hazel
TRAIN_1070,brown
TRAIN_1071,blue
TRAIN_1072,blue
TRAIN_1073,blue
TRAIN_1074,hazel
TRAIN_1075,brown
TRAIN_1076,blue
TRAIN_1077,green
TRAIN_1078,hazel
TRAIN_1079,brown
TRAIN_1080,green
TRAIN_1081,blue
TRAIN_1082,blue
TRAIN_1083,blue
TRAIN_1084,brown
TRAIN_1085,blue
TRAIN_1086,blue
TRAIN_1087,blue
TRAIN_1088,blue
TRAIN_1089,blue
TRAIN_1090,brown
TRAIN_1091,blue
TRAIN_1092,blue
TRAIN_1093,blue
TRAIN_1094,green
TRAIN_1095,blue
TRAIN_1096,blue
TRAIN_1097,blue
TRAIN_1098,green
TRAIN_1099,brown
TRAIN_1100,hazel
TRAIN_1101,blue
TRAIN_1102,blue
TRAIN_1103,brown
TRAIN_1104,hazel
TRAIN_1105,hazel
TRAIN_1106,blue
TRAIN_1107,blue
TRAIN_1108,hazel
TRAIN_1109,blue
TRAIN_1110,brown
TRAIN_1111,green
TRAIN_1112,green
TRAIN_1113,blue
TRAIN_1114,brown
TRAIN_1115,brown
TRAIN_1116,blue
TRAIN_1117,brown
TRAIN_1118,brown
TRAIN_1119,green
TRAIN_1120,blue
TRAIN_1121,blue
TRAIN_1122,blue
TRAIN_1123,blue
TRAIN_1124,blue
TRAIN_1125,blue
TRAIN_1126,green
TRAIN_1127,green
TRAIN_1128,hazel
TRAIN_1129,blue
TRAIN_1130,hazel
TRAIN_1131,green
TRAIN_1132,blue
TRAIN_1133,blue
TRAIN_1134,brown
TRAIN_1135,blue
TRAIN_1136,blue
TRAIN_1137,blue
TRAIN_1138,blue
TRAIN_1139,brown
TRAIN_1140,brown
TRAIN_1141,brown
TRAIN_1142,green
TRAIN_1143,blue
TRAIN_1144,blue
TRAIN_1145,blue
TRAIN_1146,blue
TRAIN_1147,green
TRAIN_1148,brown
TRAIN_1149,brown
TRAIN_1150,green
TRAIN_1151,hazel
TRAIN_1152,blue
TRAIN_1153,blue
TRAIN_1154,brown
TRAIN_1155,brown
TRAIN_1156,blue
TRAIN_1157,green
TRAIN_1158,brown
TRAIN_1159,blue
TRAIN_1160,green
TRAIN_1161,blue
TRAIN_1162,blue
TRAIN_1163,brown
TRAIN_1164,brown
TRAIN_1165,brown
TRAIN_1166,hazel
TRAIN_1167,blue
TRAIN_1168,blue
TRAIN_1169,brown
TRAIN_1170,green
TRAIN_1171,blue
TRAIN_1172,blue
TRAIN_1173,brown
TRAIN_1174,blue
TRAIN_1175,hazel
TRAIN_1176,brown
TRAIN_1177,blue
TRAIN_1178,hazel
TRAIN_1179,blue
TRAIN_1180,blue
TRAIN_1181,blue
TRAIN_1182,blue
TRAIN_1183,blue
TRAIN_1184,blue
TRAIN_1185,blue
TRAIN_1186,green
TRAIN_1187,blue
TRAIN_1188,brown
TRAIN_1189,brown
TRAIN_1190,green
TRAIN_1191,brown
TRAIN_1192,blue
TRAIN_1193,green
TRAIN_1194,blue
TRAIN_1195,blue
TRAIN_1196,brown
TRAIN_1197,blue
TRAIN_1198,blue
TRAIN_1199,blue
TRAIN_1200,blue
TRAIN_1201,blue
TRAIN_1202,green
TRAIN_1203,blue
TRAIN_1204,brown
TRAIN_1205,blue
TRAIN_1206,hazel
TRAIN_1207,blue
TRAIN_1208,brown
TRAIN_1209,brown
TRAIN_1210,brown
TRAIN_1211,brown
TRAIN_1212,blue
TRAIN_1213,blue
TRAIN_1214,brown
TRAIN_1215,green
TRAIN_1216,green
TRAIN_1217,brown
TRAIN_1218,brown
TRAIN_1219,blue
TRAIN_1220,green
TRAIN_1221,brown
TRAIN_1222,green
TRAIN_1223,hazel
TRAIN_1224,brown
TRAIN_1225,blue
TRAIN_1226,green
TRAIN_1227,green
TRAIN_1228,brown
TRAIN_1229,hazel
TRAIN_1230,green
TRAIN_1231,green
TRAIN_1232,blue
TRAIN_1233,green
TRAIN_1234,brown
TRAIN_1235,green
TRAIN_1236,hazel
TRAIN_1237,blue
TRAIN_1238,brown
TRAIN_1239,blue
TRAIN_1240,brown
TRAIN_1241,brown
TRAIN_1242,blue
TRAIN_1243,brown
TRAIN_1244,brown
TRAIN_1245,brown
TRAIN_1246,green
TRAIN_1247,brown
TRAIN_1248,hazel
TRAIN_1249,blue
TRAIN_1250,hazel
TRAIN_1251,brown
TRAIN_1252,blue
TRAIN_1253,blue
TRAIN_1254,brown
TRAIN_1255,brown
TRAIN_1256,blue
TRAIN_1257,brown
TRAIN_1258,blue
TRAIN_1259,green
TRAIN_1260,brown
TRAIN_1261,hazel
TRAIN_1262,brown
TRAIN_1263,hazel
TRAIN_1264,green
TRAIN_1265,blue
TRAIN_1266,hazel
TRAIN_1267,blue
TRAIN_1268,blue
TRAIN_1269,blue
TRAIN_1270,brown
TRAIN_1271,blue
TRAIN_1272,brown
TRAIN_1273,brown
TRAIN_1274,brown
TRAIN_1275,green
TRAIN_1276,blue
TRAIN_1277,green
TRAIN_1278,hazel
TRAIN_1279,brown
TRAIN_1280,green
TRAIN_1281,blue
TRAIN_1282,green
TRAIN_1283,hazel
TRAIN_1284,hazel
TRAIN_1285,blue
TRAIN_1286,green
TRAIN_1287,brown
TRAIN_1288,brown
TRAIN_1289,green
TRAIN_1290,brown
TRAIN_1291,hazel
TRAIN_1292,blue
TRAIN_1293,green
TRAIN_1294,blue
TRAIN_1295,green
TRAIN_1296,green
TRAIN_1297,blue
TRAIN_1298,brown
TRAIN_1299,blue
TRAIN_1300,hazel
TRAIN_1301,green
TRAIN_1302,hazel
TRAIN_1303,blue
TRAIN_1304,blue
TRAIN_1305,brown
TRAIN_1306,green
TRAIN_1307,green
TRAIN_1308,brown
TRAIN_1309,hazel
TRAIN_1310,brown
TRAIN_1311,green
TRAIN_1312,hazel
TRAIN_1313,brown
TRAIN_1314,blue
TRAIN_1315,brown
TRAIN_1316,blue
TRAIN_1317,blue
TRAIN_1318,blue
TRAIN_1319,blue
TRAIN_1320,blue
TRAIN_1321,brown
TRAIN_1322,green
TRAIN_1323,blue
TRAIN_1324,brown
TRAIN_1325,green
TRAIN_1326,green
TRAIN_1327,brown
TRAIN_1328,blue
TRAIN_1329,blue
TRAIN_1330,blue
TRAIN_1331,green
TRAIN_1332,brown
TRAIN_1333,blue
TRAIN_1334,blue
TRAIN_1335,blue
TRAIN_1336,green
TRAIN_1337,green
TRAIN_1338,green
TRAIN_1339,hazel
TRAIN_1340,blue
TRAIN_1341,brown
TRAIN_1342,brown
TRAIN_1343,brown
TRAIN_1344,blue
TRAIN_1345,blue
TRAIN_1346,brown
TRAIN_1347,brown
TRAIN_1348,blue
TRAIN_1349,blue
TRAIN_1350,blue
TRAIN_1351,brown
TRAIN_1352,blue
TRAIN_1353,blue
TRAIN_1354,hazel
TRAIN_1355,brown
TRAIN_1356,blue
TRAIN_1357,blue
TRAIN_1358,brown
TRAIN_1359,blue
TRAIN_1360,blue
TRAIN_1361,blue
TRAIN_1362,blue
TRAIN_1363,brown
TRAIN_1364,green
TRAIN_1365,green
TRAIN_1366,green
TRAIN_1367,blue
TRAIN_1368,green
TRAIN_1369,brown
TRAIN_1370,brown
TRAIN_1371,blue
TRAIN_1372,hazel
TRAIN_1373,green
TRAIN_1374,green
TRAIN_1375,blue
TRAIN_1376,blue
TRAIN_1377,blue
TRAIN_1378,blue
TRAIN_1379,green
TRAIN_1380,blue
TRAIN_1381,brown
TRAIN_1382,brown
TRAIN_1383,brown
TRAIN_1384,blue
TRAIN_1385,blue
TRAIN_1386,green
TRAIN_1387,brown
TRAIN_1388,green
TRAIN_1389,brown
TRAIN_1390,brown
TRAIN_1391,hazel
TRAIN_1392,blue
TRAIN_1393,green
TRAIN_1394,blue
TRAIN_1395,green
TRAIN_1396,brown
TRAIN_1397,hazel
TRAIN_1398,brown
TRAIN_1399,blue
TRAIN_1400,hazel
TRAIN_1401,blue
TRAIN_1402,brown
TRAIN_1403,brown
TRAIN_1404,blue
TRAIN_1405,blue
TRAIN_1406,blue
TRAIN_1407,blue
TRAIN_1408,blue
TRAIN_1409,blue
TRAIN_1410,blue
TRAIN_1411,green
TRAIN_1412,blue
TRAIN_1413,green
TRAIN_1414,blue
TRAIN_1415,brown
TRAIN_1416,brown
TRAIN_1417,brown
TRAIN_1418,blue
TRAIN_1419,brown
TRAIN_1420,blue
TRAIN_1421,blue
TRAIN_1422,blue
TRAIN_1423,brown
TRAIN_1424,hazel
TRAIN_1425,blue
TRAIN_1426,green
TRAIN_1427,blue
TRAIN_1428,hazel
TRAIN_1429,blue
TRAIN_1430,blue
TRAIN_1431,green
TRAIN_1432,green
TRAIN_1433,blue
TRAIN_1434,hazel
TRAIN_1435,brown
TRAIN_1436,blue
TRAIN_1437,blue
TRAIN_1438,brown
TRAIN_1439,hazel
TRAIN_1440,blue
TRAIN_1441,hazel
TRAIN_1442,hazel
TRAIN_1443,blue
TRAIN_1444,green
TRAIN_1445,brown
TRAIN_1446,brown
TRAIN_1447,hazel
TRAIN_1448,brown
TRAIN_1449,blue
TRAIN_1450,brown
TRAIN_1451,blue
TRAIN_1452,brown
TRAIN_1453,green
TRAIN_1454,blue
TRAIN_1455,blue
TRAIN_1456,brown
TRAIN_1457,brown
TRAIN_1458,brown
TRAIN_1459,brown
TRAIN_1460,hazel
TRAIN_1461,blue
TRAIN_1462,green
TRAIN_1463,blue
TRAIN_1464,brown
TRAIN_1465,blue
TRAIN_1466,green
TRAIN_1467,green
TRAIN_1468,brown
TRAIN_1469,hazel
TRAIN_1470,green
TRAIN_1471,hazel
TRAIN_1472,green
TRAIN_1473,blue
TRAIN_1474,blue
TRAIN_1475,blue
TRAIN_1476,green
TRAIN_1477,green
TRAIN_1478,blue
TRAIN_1479,blue
TRAIN_1480,brown
TRAIN_1481,blue
TRAIN_1482,brown
TRAIN_1483,green
TRAIN_1484,blue
TRAIN_1485,green
TRAIN_1486,blue
TRAIN_1487,brown
TRAIN_1488,green
TRAIN_1489,brown
TRAIN_1490,blue
TRAIN_1491,brown
TRAIN_1492,brown
TRAIN_1493,brown
TRAIN_1494,blue
TRAIN_1495,blue
TRAIN_1496,green
TRAIN_1497,blue
TRAIN_1498,green
TRAIN_1499,brown
TRAIN_1500,blue
TRAIN_1501,hazel
TRAIN_1502,brown
TRAIN_1503,brown
TRAIN_1504,brown
TRAIN_1505,green
TRAIN_1506,green
TRAIN_1507,brown
TRAIN_1508,blue
TRAIN_1509,brown
TRAIN_1510,blue
TRAIN_1511,brown
TRAIN_1512,green
TRAIN_1513,blue
TRAIN_1514,brown
TRAIN_1515,blue
TRAIN_1516,blue
TRAIN_1517,hazel
TRAIN_1518,blue
TRAIN_1519,green
TRAIN_1520,green
TRAIN_1521,blue
TRAIN_1522,blue
TRAIN_1523,hazel
TRAIN_1524,blue
TRAIN_1525,blue
TRAIN_1526,hazel
TRAIN_1527,blue
TRAIN_1528,brown
TRAIN_1529,blue
TRAIN_1530,brown
TRAIN_1531,green
TRAIN_1532,brown
TRAIN_1533,blue
TRAIN_1534,green
TRAIN_1535,green
TRAIN_1536,hazel
TRAIN_1537,blue
TRAIN_1538,hazel
TRAIN_1539,brown
TRAIN_1540,hazel
TRAIN_1541,blue
TRAIN_1542,blue
TRAIN_1543,blue
TRAIN_1544,green
TRAIN_1545,hazel
TRAIN_1546,blue
TRAIN_1547,blue
TRAIN_1548,brown
TRAIN_1549,blue
TRAIN_1550,blue
TRAIN_1551,blue
TRAIN_1552,brown
TRAIN_1553,brown
TRAIN_1554,blue
TRAIN_1555,blue
TRAIN_1556,green
TRAIN_1557,blue
TRAIN_1558,blue
TRAIN_1559,brown
TRAIN_1560,blue
TRAIN_1561,blue
TRAIN_1562,brown
TRAIN_1563,green
TRAIN_1564,green
TRAIN_1565,green
TRAIN_1566,brown
TRAIN_1567,blue
TRAIN_1568,hazel
TRAIN_1569,blue
TRAIN_1570,brown
TRAIN_1571,brown
TRAIN_1572,blue
TRAIN_1573,hazel
TRAIN_1574,blue
TRAIN_1575,green
TRAIN_1576,green
TRAIN_1577,blue
TRAIN_1578,brown
TRAIN_1579,blue
TRAIN_1580,green
TRAIN_1581,hazel
TRAIN_1582,brown
TRAIN_1583,brown
TRAIN_1584,brown
TRAIN_1585,blue
TRAIN_1586,blue
TRAIN_1587,hazel
TRAIN_1588,green
TRAIN_1589,blue
TRAIN_1590,blue
TRAIN_1591,brown
TRAIN_1592,blue
TRAIN_1593,green
TRAIN_1594,brown
TRAIN_1595,green
TRAIN_1596,blue
TRAIN_1597,green
TRAIN_1598,brown
TRAIN_1599,hazel
TRAIN_1600,brown
TRAIN_1601,green
TRAIN_1602,brown
TRAIN_1603,brown
TRAIN_1604,brown
TRAIN_1605,blue
TRAIN_1606,brown
TRAIN_1607,brown
TRAIN_1608,blue
TRAIN_1609,blue
TRAIN_1610,blue
TRAIN_1611,brown
TRAIN_1612,green
TRAIN_1613,blue
TRAIN_1614,brown
TRAIN_1615,blue
TRAIN_1616,hazel
TRAIN_1617,hazel
TRAIN_1618,blue
TRAIN_1619,brown
TRAIN_1620,blue
TRAIN_1621,blue
TRAIN_1622,brown
TRAIN_1623,blue
TRAIN_1624,hazel
TRAIN_1625,blue
TRAIN_1626,green
TRAIN_1627,blue
TRAIN_1628,blue
TRAIN_1629,blue
TRAIN_1630,green
TRAIN_1631,brown
TRAIN_1632,blue
TRAIN_1633,hazel
TRAIN_1634,blue
TRAIN_1635,blue
TRAIN_1636,green
TRAIN_1637,brown
TRAIN_1638,brown
TRAIN_1639,green
TRAIN_1640,blue
TRAIN_1641,brown
TRAIN_1642,blue
TRAIN_1643,hazel
TRAIN_1644,green
TRAIN_1645,brown
TRAIN_1646,hazel
TRAIN_1647,green
TRAIN_1648,brown
TRAIN_1649,blue
TRAIN_1650,blue
TRAIN_1651,brown
TRAIN_1652,blue
TRAIN_1653,brown
TRAIN_1654,blue
TRAIN_1655,brown
TRAIN_1656,brown
TRAIN_1657,blue
TRAIN_1658,brown
TRAIN_1659,hazel
TRAIN_1660,hazel
TRAIN_1661,brown
TRAIN_1662,blue
TRAIN_1663,brown
TRAIN_1664,brown
TRAIN_1665,blue
TRAIN_1666,blue
TRAIN_1667,blue
TRAIN_1668,brown
TRAIN_1669,green
TRAIN_1670,green
TRAIN_1671,blue
TRAIN_1672,blue
TRAIN_1673,green
TRAIN_1674,green
TRAIN_1675,green
TRAIN_1676,blue
TRAIN_1677,green
TRAIN_1678,brown
TRAIN_1679,brown
TRAIN_1680,brown
TRAIN_1681,brown
TRAIN_1682,brown
TRAIN_1683,green
TRAIN_1684,hazel
TRAIN_1685,brown
TRAIN_1686,brown
TRAIN_1687,blue
TRAIN_1688,blue
TRAIN_1689,blue
TRAIN_1690,blue
TRAIN_1691,blue
TRAIN_1692,blue
TRAIN_1693,blue
TRAIN_1694,brown
TRAIN_1695,brown
TRAIN_1696,blue
TRAIN_1697,brown
TRAIN_1698,green
TRAIN_1699,blue
TRAIN_1700,green
TRAIN_1701,green
TRAIN_1702,hazel
TRAIN_1703,green
TRAIN_1704,green
TRAIN_1705,hazel
TRAIN_1706,brown
TRAIN_1707,blue
TRAIN_1708,blue
TRAIN_1709,blue
TRAIN_1710,hazel
TRAIN_1711,blue
TRAIN_1712,green
TRAIN_1713,hazel
TRAIN_1714,brown
TRAIN_1715,brown
TRAIN_1716,brown
TRAIN_1717,blue
TRAIN_1718,green
TRAIN_1719,blue
TRAIN_1720,blue
TRAIN_1721,brown
TRAIN_1722,blue
TRAIN_1723,blue
TRAIN_1724,blue
TRAIN_1725,blue
TRAIN_1726,blue
TRAIN_1727,blue
TRAIN_1728,green
TRAIN_1729,hazel
TRAIN_1730,green
TRAIN_1731,blue
TRAIN_1732,green
TRAIN_1733,blue
TRAIN_1734,green
TRAIN_1735,blue
TRAIN_1736,brown
TRAIN_1737,hazel
TRAIN_1738,blue
TRAIN_1739,brown
TRAIN_1740,blue
TRAIN_1741,brown
TRAIN_1742,blue
TRAIN_1743,blue
TRAIN_1744,hazel
TRAIN_1745,brown
TRAIN_1746,brown
TRAIN_1747,green
TRAIN_1748,green
TRAIN_1749,hazel
TRAIN_1750,blue
TRAIN_1751,hazel
TRAIN_1752,green
TRAIN_1753,blue
TRAIN_1754,brown
TRAIN_1755,blue
TRAIN_1756,blue
TRAIN_1757,blue
TRAIN_1758,green
TRAIN_1759,brown
TRAIN_1760,blue
TRAIN_1761,brown
TRAIN_1762,blue
TRAIN_1763,brown
TRAIN_1764,hazel
TRAIN_1765,blue
TRAIN_1766,blue
TRAIN_1767,blue
TRAIN_1768,brown
TRAIN_1769,blue
TRAIN_1770,blue
TRAIN_1771,brown
TRAIN_1772,green
TRAIN_1773,brown
TRAIN_1774,blue
TRAIN_1775,brown
TRAIN_1776,green
TRAIN_1777,green
TRAIN_1778,blue
TRAIN_1779,blue
TRAIN_1780,blue
TRAIN_1781,brown
TRAIN_1782,green
TRAIN_1783,blue
TRAIN_1784,green
TRAIN_1785,brown
TRAIN_1786,brown
TRAIN_1787,brown
TRAIN_1788,hazel
TRAIN_1789,green
TRAIN_1790,green
TRAIN_1791,blue
TRAIN_1792,green
TRAIN_1793,blue
TRAIN_1794,blue
TRAIN_1795,hazel
TRAIN_1796,brown
TRAIN_1797,brown
TRAIN_1798,hazel
TRAIN_1799,green
TRAIN_1800,blue
TRAIN_1801,green
TRAIN_1802,brown
TRAIN_1803,green
TRAIN_1804,blue
TRAIN_1805,blue
TRAIN_1806,green
TRAIN_1807,blue
TRAIN_1808,green
TRAIN_1809,brown
TRAIN_1810,green
TRAIN_1811,blue
TRAIN_1812,brown
TRAIN_1813,green
TRAIN_1814,hazel
TRAIN_1815,brown
TRAIN_1816,brown
TRAIN_1817,green
TRAIN_1818,green
TRAIN_1819,hazel
TRAIN_1820,green
TRAIN_1821,green
TRAIN_1822,blue
TRAIN_1823,green
TRAIN_1824,hazel
TRAIN_1825,blue
TRAIN_1826,blue
TRAIN_1827,blue
TRAIN_1828,blue
TRAIN_1829,brown
TRAIN_1830,brown
TRAIN_1831,green
TRAIN_1832,blue
TRAIN_1833,blue
TRAIN_1834,green
TRAIN_1835,green
TRAIN_1836,blue
TRAIN_1837,brown
TRAIN_1838,blue
TRAIN_1839,brown
TRAIN_1840,blue
TRAIN_1841,blue
TRAIN_1842,hazel
TRAIN_1843,green
TRAIN_1844,green
TRAIN_1845,blue
TRAIN_1846,blue
TRAIN_1847,brown
TRAIN_1848,blue
TRAIN_1849,green
TRAIN_1850,brown
TRAIN_1851,blue
TRAIN_1852,blue
TRAIN_1853,blue
TRAIN_1854,brown
TRAIN_1855,brown
TRAIN_1856,brown
TRAIN_1857,green
TRAIN_1858,brown
TRAIN_1859,brown
TRAIN_1860,blue
TRAIN_1861,blue
TRAIN_1862,blue
TRAIN_1863,green
TRAIN_1864,blue
TRAIN_1865,blue
TRAIN_1866,green
TRAIN_1867,brown
TRAIN_1868,hazel
TRAIN_1869,green
TRAIN_1870,brown
TRAIN_1871,brown
TRAIN_1872,brown
TRAIN_1873,brown
TRAIN_1874,hazel
TRAIN_1875,hazel
TRAIN_1876,blue
TRAIN_1877,green
TRAIN_1878,brown
TRAIN_1879,hazel
TRAIN_1880,blue
TRAIN_1881,green
TRAIN_1882,blue
TRAIN_1883,brown
TRAIN_1884,hazel
TRAIN_1885,blue
TRAIN_1886,blue
TRAIN_1887,green
TRAIN_1888,brown
TRAIN_1889,blue
TRAIN_1890,brown
TRAIN_1891,blue
TRAIN_1892,blue
TRAIN_1893,brown
TRAIN_1894,brown
TRAIN_1895,brown
TRAIN_1896,blue
TRAIN_1897,blue
TRAIN_1898,blue
TRAIN_1899,green
TRAIN_1900,brown
TRAIN_1901,brown
TRAIN_1902,blue
TRAIN_1903,brown
TRAIN_1904,hazel
TRAIN_1905,blue
TRAIN_1906,brown
TRAIN_1907,green
TRAIN_1908,hazel
TRAIN_1909,brown
TRAIN_1910,hazel
TRAIN_1911,brown
TRAIN_1912,green
TRAIN_1913,green
TRAIN_1914,green
TRAIN_1915,blue
TRAIN_1916,blue
TRAIN_1917,blue
TRAIN_1918,blue
TRAIN_1919,brown
TRAIN_1920,blue
TRAIN_1921,blue
TRAIN_1922,blue
TRAIN_1923,blue
TRAIN_1924,hazel
TRAIN_1925,brown
TRAIN_1926,blue
TRAIN_1927,blue
TRAIN_1928,brown
TRAIN_1929,green
TRAIN_1930,hazel
TRAIN_1931,hazel
TRAIN_1932,blue
TRAIN_1933,blue
TRAIN_1934,blue
TRAIN_1935,brown
TRAIN_1936,blue
TRAIN_1937,blue
TRAIN_1938,brown
TRAIN_1939,brown
TRAIN_1940,brown
TRAIN_1941,brown
TRAIN_1942,green
TRAIN_1943,brown
TRAIN_1944,blue
TRAIN_1945,blue
TRAIN_1946,brown
TRAIN_1947,green
TRAIN_1948,blue
TRAIN_1949,blue
TRAIN_1950,green
TRAIN_1951,blue
TRAIN_1952,green
TRAIN_1953,blue
TRAIN_1954,hazel
TRAIN_1955,brown
TRAIN_1956,blue
TRAIN_1957,brown
TRAIN_1958,brown
TRAIN_1959,blue
TRAIN_1960,brown
TRAIN_1961,brown
TRAIN_1962,brown
TRAIN_1963,blue
TRAIN_1964,blue
TRAIN_1965,brown
TRAIN_1966,blue
TRAIN_1967,blue
TRAIN_1968,brown
TRAIN_1969,brown
TRAIN_1970,hazel
TRAIN_1971,blue
TRAIN_1972,blue
TRAIN_1973,green
TRAIN_1974,blue
TRAIN_1975,brown
TRAIN_1976,brown
TRAIN_1977,brown
TRAIN_1978,blue
TRAIN_1979,blue
TRAIN_1980,green
TRAIN_1981,hazel
TRAIN_1982,green
TRAIN_1983,hazel
TRAIN_1984,blue
TRAIN_1985,brown
TRAIN_1986,brown
TRAIN_1987,blue
TRAIN_1988,blue
TRAIN_1989,blue
TRAIN_1990,blue
TRAIN_1991,brown
TRAIN_1992,green
TRAIN_1993,green
TRAIN_1994,blue
TRAIN_1995,brown
TRAIN_1996,blue
TRAIN_1997,green
TRAIN_1998,brown
TRAIN_1999,brown
TRAIN_2000,brown
TRAIN_2001,blue
TRAIN_2002,blue
TRAIN_2003,green
TRAIN_2004,green
TRAIN_2005,blue
TRAIN_2006,blue
TRAIN_2007,green
TRAIN_2008,green
TRAIN_2009,green
TRAIN_2010,green
TRAIN_2011,hazel
TRAIN_2012,blue
TRAIN_2013,brown
TRAIN_2014,blue
TRAIN_2015,green
TRAIN_2016,blue
TRAIN_2017,green
TRAIN_2018,green
TRAIN_2019,blue
TRAIN_2020,blue
TRAIN_2021,brown
TRAIN_2022,green
TRAIN_2023,brown
TRAIN_2024,blue
TRAIN_2025,blue
TRAIN_2026,brown
TRAIN_2027,blue
TRAIN_2028,blue
TRAIN_2029,blue
TRAIN_2030,hazel
TRAIN_2031,green
TRAIN_2032,green
TRAIN_2033,brown
TRAIN_2034,blue
TRAIN_2035,blue
TRAIN_2036,blue
TRAIN_2037,blue
TRAIN_2038,blue
TRAIN_2039,blue
TRAIN_2040,blue
TRAIN_2041,brown
TRAIN_2042,green
TRAIN_2043,brown
TRAIN_2044,brown
TRAIN_2045,blue
TRAIN_2046,green
TRAIN_2047,brown
TRAIN_2048,hazel
TRAIN_2049,green
TRAIN_2050,blue
TRAIN_2051,blue
TRAIN_2052,blue
TRAIN_2053,brown
TRAIN_2054,blue
TRAIN_2055,green
TRAIN_2056,blue
TRAIN_2057,hazel
TRAIN_2058,blue
TRAIN_2059,blue
TRAIN_2060,brown
TRAIN_2061,blue
TRAIN_2062,brown
TRAIN_2063,blue
TRAIN_2064,blue
TRAIN_2065,green
TRAIN_2066,blue
TRAIN_2067,blue
TRAIN_2068,brown
TRAIN_2069,blue
TRAIN_2070,blue
TRAIN_2071,blue
TRAIN_2072,brown
TRAIN_2073,blue
TRAIN_2074,blue
TRAIN_2075,blue
TRAIN_2076,green
TRAIN_2077,brown
TRAIN_2078,brown
TRAIN_2079,brown
TRAIN_2080,blue
TRAIN_2081,blue
TRAIN_2082,hazel
TRAIN_2083,brown
TRAIN_2084,hazel
TRAIN_2085,brown
TRAIN_2086,blue
TRAIN_2087,brown
TRAIN_2088,brown
TRAIN_2089,brown
TRAIN_2090,green
TRAIN_2091,blue
TRAIN_2092,green
TRAIN_2093,blue
TRAIN_2094,brown
TRAIN_2095,green
TRAIN_2096,green
TRAIN_2097,brown
TRAIN_2098,brown
TRAIN_2099,brown
TRAIN_2100,blue
TRAIN_2101,brown
TRAIN_2102,green
TRAIN_2103,green
TRAIN_2104,blue
TRAIN_2105,blue
TRAIN_2106,blue
TRAIN_2107,blue
TRAIN_2108,blue
TRAIN_2109,brown
TRAIN_2110,blue
TRAIN_2111,brown
TRAIN_2112,brown
TRAIN_2113,green
TRAIN_2114,brown
TRAIN_2115,brown
TRAIN_2116,blue
TRAIN_2117,brown
TRAIN_2118,brown
TRAIN_2119,hazel
TRAIN_2120,blue
TRAIN_2121,hazel
TRAIN_2122,green
TRAIN_2123,hazel
TRAIN_2124,brown
TRAIN_2125,brown
TRAIN_2126,green
TRAIN_2127,brown
TRAIN_2128,blue
TRAIN_2129,blue
TRAIN_2130,green
TRAIN_2131,brown
TRAIN_2132,brown
TRAIN_2133,brown
TRAIN_2134,green
TRAIN_2135,green
TRAIN_2136,brown
TRAIN_2137,brown
TRAIN_2138,blue
TRAIN_2139,hazel
TRAIN_2140,brown
TRAIN_2141,brown
TRAIN_2142,blue
TRAIN_2143,hazel
TRAIN_2144,blue
TRAIN_2145,blue
TRAIN_2146,brown
TRAIN_2147,blue
TRAIN_2148,green
TRAIN_2149,brown
TRAIN_2150,brown
TRAIN_2151,hazel
TRAIN_2152,hazel
TRAIN_2153,green
TRAIN_2154,brown
TRAIN_2155,hazel
TRAIN_2156,brown
TRAIN_2157,blue
TRAIN_2158,blue
TRAIN_2159,green
TRAIN_2160,hazel
TRAIN_2161,blue
TRAIN_2162,green
TRAIN_2163,hazel
TRAIN_2164,green
TRAIN_2165,green
TRAIN_2166,green
TRAIN_2167,blue
TRAIN_2168,hazel
TRAIN_2169,brown
TRAIN_2170,green
TRAIN_2171,blue
TRAIN_2172,green
TRAIN_2173,brown
TRAIN_2174,green
TRAIN_2175,brown
TRAIN_2176,green
TRAIN_2177,brown
TRAIN_2178,blue
TRAIN_2179,blue
TRAIN_2180,green
TRAIN_2181,blue
TRAIN_2182,blue
TRAIN_2183,green
TRAIN_2184,brown
TRAIN_2185,hazel
TRAIN_2186,blue
TRAIN_2187,blue
TRAIN_2188,brown
TRAIN_2189,blue
TRAIN_2190,brown
TRAIN_2191,blue
TRAIN_2192,brown
TRAIN_2193,brown
TRAIN_2194,blue
TRAIN_2195,green
TRAIN_2196,brown
TRAIN_2197,green
TRAIN_2198,brown
TRAIN_2199,green
TRAIN_2200,blue
TRAIN_2201,brown
TRAIN_2202,green
TRAIN_2203,brown
TRAIN_2204,blue
TRAIN_2205,blue
TRAIN_2206,brown
TRAIN_2207,hazel
TRAIN_2208,blue
TRAIN_2209,green
TRAIN_2210,blue
TRAIN_2211,green
TRAIN_2212,brown
TRAIN_2213,hazel
TRAIN_2214,hazel
TRAIN_2215,blue
TRAIN_2216,green
TRAIN_2217,brown
TRAIN_2218,green
TRAIN_2219,green
TRAIN_2220,brown
TRAIN_2221,blue
TRAIN_2222,hazel
TRAIN_2223,green
TRAIN_2224,blue
TRAIN_2225,green
TRAIN_2226,blue
TRAIN_2227,brown
TRAIN_2228,blue
TRAIN_2229,hazel
TRAIN_2230,blue
TRAIN_2231,brown
TRAIN_2232,blue
TRAIN_2233,hazel
TRAIN_2234,blue
TRAIN_2235,blue
TRAIN_2236,blue
TRAIN_2237,green
TRAIN_2238,green
TRAIN_2239,blue
TRAIN_2240,blue
TRAIN_2241,hazel
TRAIN_2242,brown
TRAIN_2243,blue
TRAIN_2244,blue
TRAIN_2245,brown
TRAIN_2246,brown
TRAIN_2247,green
TRAIN_2248,hazel
TRAIN_2249,green
TRAIN_2250,blue
TRAIN_2251,blue
TRAIN_2252,blue
TRAIN_2253,green
TRAIN_2254,blue
TRAIN_2255,green
TRAIN_2256,blue
TRAIN_2257,blue
TRAIN_2258,blue
TRAIN_2259,blue
TRAIN_2260,blue
TRAIN_2261,blue
TRAIN_2262,blue
TRAIN_2263,brown
TRAIN_2264,brown
TRAIN_2265,blue
TRAIN_2266,brown
TRAIN_2267,green
TRAIN_2268,brown
TRAIN_2269,blue
TRAIN_2270,hazel
TRAIN_2271,brown
TRAIN_2272,blue
TRAIN_2273,blue
TRAIN_2274,blue
TRAIN_2275,green
TRAIN_2276,brown
TRAIN_2277,blue
TRAIN_2278,brown
TRAIN_2279,blue
TRAIN_2280,green
TRAIN_2281,green
TRAIN_2282,blue
TRAIN_2283,blue
TRAIN_2284,brown
TRAIN_2285,green
TRAIN_2286,brown
TRAIN_2287,brown
TRAIN_2288,hazel
TRAIN_2289,blue
TRAIN_2290,green
TRAIN_2291,hazel
TRAIN_2292,green
TRAIN_2293,blue
TRAIN_2294,brown
TRAIN_2295,brown
TRAIN_2296,blue
TRAIN_2297,green
TRAIN_2298,brown
TRAIN_2299,green
TRAIN_2300,brown
TRAIN_2301,blue
TRAIN_2302,blue
TRAIN_2303,hazel
TRAIN_2304,blue
TRAIN_2305,brown
TRAIN_2306,green
TRAIN_2307,brown
TRAIN_2308,blue
TRAIN_2309,green
TRAIN_2310,hazel
TRAIN_2311,brown
TRAIN_2312,brown
TRAIN_2313,brown
TRAIN_2314,brown
TRAIN_2315,hazel
TRAIN_2316,hazel
TRAIN_2317,brown
TRAIN_2318,blue
TRAIN_2319,brown
TRAIN_2320,green
TRAIN_2321,brown
TRAIN_2322,blue
TRAIN_2323,brown
TRAIN_2324,brown
TRAIN_2325,blue
TRAIN_2326,brown
TRAIN_2327,brown
TRAIN_2328,blue
TRAIN_2329,green
TRAIN_2330,brown
TRAIN_2331,blue
TRAIN_2332,brown
TRAIN_2333,green
TRAIN_2334,brown
TRAIN_2335,blue
TRAIN_2336,blue
TRAIN_2337,green
TRAIN_2338,blue
TRAIN_2339,brown
TRAIN_2340,hazel
TRAIN_2341,blue
TRAIN_2342,brown
TRAIN_2343,blue
TRAIN_2344,blue
TRAIN_2345,green
TRAIN_2346,brown
TRAIN_2347,green
TRAIN_2348,brown
TRAIN_2349,blue
TRAIN_2350,brown
TRAIN_2351,blue
TRAIN_2352,brown
TRAIN_2353,brown
TRAIN_2354,brown
TRAIN_2355,blue
TRAIN_2356,blue
TRAIN_2357,blue
TRAIN_2358,blue
TRAIN_2359,brown
TRAIN_2360,blue
TRAIN_2361,green
TRAIN_2362,green
TRAIN_2363,blue
TRAIN_2364,brown
TRAIN_2365,hazel
TRAIN_2366,hazel
TRAIN_2367,blue
TRAIN_2368,blue
TRAIN_2369,green
TRAIN_2370,brown
TRAIN_2371,hazel
TRAIN_2372,hazel
TRAIN_2373,brown
TRAIN_2374,blue
TRAIN_2375,blue
TRAIN_2376,brown
TRAIN_2377,brown
TRAIN_2378,green
TRAIN_2379,blue
TRAIN_2380,brown
TRAIN_2381,brown
TRAIN_2382,hazel
TRAIN_2383,blue
TRAIN_2384,blue
TRAIN_2385,hazel
TRAIN_2386,blue
TRAIN_2387,blue
TRAIN_2388,blue
TRAIN_2389,blue
TRAIN_2390,blue
TRAIN_2391,green
TRAIN_2392,blue
TRAIN_2393,hazel
TRAIN_2394,brown
TRAIN_2395,brown
TRAIN_2396,blue
TRAIN_2397,brown
TRAIN_2398,hazel
TRAIN_2399,green
TRAIN_2400,brown
TRAIN_2401,brown
TRAIN_2402,brown
TRAIN_2403,blue
TRAIN_2404,hazel
TRAIN_2405,brown
TRAIN_2406,brown
TRAIN_2407,blue
TRAIN_2408,brown
TRAIN_2409,green
TRAIN_2410,green
TRAIN_2411,blue
TRAIN_2412,green
TRAIN_2413,brown
TRAIN_2414,brown
TRAIN_2415,brown
TRAIN_2416,brown
TRAIN_2417,blue
TRAIN_2418,brown
TRAIN_2419,green
TRAIN_2420,brown
TRAIN_2421,green
TRAIN_2422,hazel
TRAIN_2423,brown
TRAIN_2424,blue
TRAIN_2425,hazel
TRAIN_2426,green
TRAIN_2427,brown
TRAIN_2428,brown
TRAIN_2429,green
TRAIN_2430,hazel
TRAIN_2431,brown
TRAIN_2432,blue
TRAIN_2433,hazel
TRAIN_2434,hazel
TRAIN_2435,brown
TRAIN_2436,brown
TRAIN_2437,blue
TRAIN_2438,blue
TRAIN_2439,blue
TRAIN_2440,blue
TRAIN_2441,blue
TRAIN_2442,hazel
TRAIN_2443,brown
TRAIN_2444,hazel
TRAIN_2445,brown
TRAIN_2446,brown
TRAIN_2447,blue
TRAIN_2448,brown
TRAIN_2449,brown
TRAIN_2450,green
TRAIN_2451,brown
TRAIN_2452,brown
TRAIN_2453,blue
TRAIN_2454,brown
TRAIN_2455,green
TRAIN_2456,brown
TRAIN_2457,blue
TRAIN_2458,blue
TRAIN_2459,blue
TRAIN_2460,hazel
TRAIN_2461,blue
TRAIN_2462,blue
TRAIN_2463,blue
TRAIN_2464,blue
TRAIN_2465,brown
TRAIN_2466,brown
TRAIN_2467,brown
TRAIN_2468,brown
TRAIN_2469,blue
TRAIN_2470,blue
TRAIN_2471,blue
TRAIN_2472,brown
TRAIN_2473,blue
TRAIN_2474,green
TRAIN_2475,brown
TRAIN_2476,blue
TRAIN_2477,hazel
TRAIN_2478,blue
TRAIN_2479,blue
TRAIN_2480,blue
TRAIN_2481,brown
TRAIN_2482,brown
TRAIN_2483,brown
TRAIN_2484,blue
TRAIN_2485,hazel
TRAIN_2486,blue
TRAIN_2487,green
TRAIN_2488,hazel
TRAIN_2489,blue
TRAIN_2490,brown
TRAIN_2491,blue
TRAIN_2492,blue
TRAIN_2493,blue
TRAIN_2494,blue
TRAIN_2495,blue
TRAIN_2496,blue
TRAIN_2497,brown
TRAIN_2498,brown
TRAIN_2499,green
TRAIN_2500,blue
TRAIN_2501,green
TRAIN_2502,green
TRAIN_2503,blue
TRAIN_2504,brown
TRAIN_2505,hazel
TRAIN_2506,brown
TRAIN_2507,green
TRAIN_2508,blue
TRAIN_2509,green
TRAIN_2510,brown
TRAIN_2511,blue
TRAIN_2512,blue
TRAIN_2513,blue
TRAIN_2514,brown
TRAIN_2515,hazel
TRAIN_2516,brown
TRAIN_2517,green
TRAIN_2518,green
TRAIN_2519,brown
TRAIN_2520,green
TRAIN_2521,blue
TRAIN_2522,hazel
TRAIN_2523,blue
TRAIN_2524,brown
TRAIN_2525,blue
TRAIN_2526,blue
TRAIN_2527,green
TRAIN_2528,brown
TRAIN_2529,blue
TRAIN_2530,blue
TRAIN_2531,brown
TRAIN_2532,brown
TRAIN_2533,hazel
TRAIN_2534,green
TRAIN_2535,blue
TRAIN_2536,blue
TRAIN_2537,brown
TRAIN_2538,blue
TRAIN_2539,blue
TRAIN_2540,green
TRAIN_2541,blue
TRAIN_2542,brown
TRAIN_2543,brown
TRAIN_2544,brown
TRAIN_2545,brown
TRAIN_2546,brown
TRAIN_2547,blue
TRAIN_2548,blue
TRAIN_2549,blue
TRAIN_2550,blue
TRAIN_2551,green
TRAIN_2552,brown
TRAIN_2553,hazel
TRAIN_2554,green
TRAIN_2555,green
TRAIN_2556,green
TRAIN_2557,blue
TRAIN_2558,green
TRAIN_2559,blue
TRAIN_2560,hazel
TRAIN_2561,hazel
TRAIN_2562,green
TRAIN_2563,blue
TRAIN_2564,brown
TRAIN_2565,brown
TRAIN_2566,brown
TRAIN_2567,brown
TRAIN_2568,green
TRAIN_2569,blue
TRAIN_2570,green
TRAIN_2571,blue
TRAIN_2572,brown
TRAIN_2573,blue
TRAIN_2574,blue
TRAIN_2575,blue
TRAIN_2576,green
TRAIN_2577,blue
TRAIN_2578,blue
TRAIN_2579,green
TRAIN_2580,blue
TRAIN_2581,brown
TRAIN_2582,brown
TRAIN_2583,hazel
TRAIN_2584,green
TRAIN_2585,brown
TRAIN_2586,brown
TRAIN_2587,blue
TRAIN_2588,green
TRAIN_2589,brown
TRAIN_2590,blue
TRAIN_2591,brown
TRAIN_2592,blue
TRAIN_2593,green
TRAIN_2594,green
TRAIN_2595,green
TRAIN_2596,blue
TRAIN_2597,brown
TRAIN_2598,blue
TRAIN_2599,hazel
TRAIN_2600,blue
TRAIN_2601,hazel
TRAIN_2602,green
TRAIN_2603,brown
TRAIN_2604,brown
TRAIN_2605,brown
TRAIN_2606,blue
TRAIN_2607,green
TRAIN_2608,green
TRAIN_2609,brown
TRAIN_2610,blue
TRAIN_2611,blue
TRAIN_2612,blue
TRAIN_2613,blue
TRAIN_2614,blue
TRAIN_2615,green
TRAIN_2616,green
TRAIN_2617,blue
TRAIN_2618,brown
TRAIN_2619,blue
TRAIN_2620,brown
TRAIN_2621,hazel
TRAIN_2622,hazel
TRAIN_2623,blue
TRAIN_2624,brown
TRAIN_2625,brown
TRAIN_2626,brown
TRAIN_2627,blue
TRAIN_2628,blue
TRAIN_2629,blue
TRAIN_2630,brown
TRAIN_2631,brown
TRAIN_2632,hazel
TRAIN_2633,green
TRAIN_2634,hazel
TRAIN_2635,blue
TRAIN_2636,green
TRAIN_2637,green
TRAIN_2638,green
TRAIN_2639,hazel
TRAIN_2640,brown
TRAIN_2641,brown
TRAIN_2642,brown
TRAIN_2643,brown
TRAIN_2644,brown
TRAIN_2645,brown
TRAIN_2646,blue
TRAIN_2647,blue
TRAIN_2648,blue
TRAIN_2649,green
TRAIN_2650,brown
TRAIN_2651,green
TRAIN_2652,brown
TRAIN_2653,blue
TRAIN_2654,brown
TRAIN_2655,green
TRAIN_2656,blue
TRAIN_2657,blue
TRAIN_2658,hazel
TRAIN_2659,blue
TRAIN_2660,brown
TRAIN_2661,blue
TRAIN_2662,green
TRAIN_2663,blue
TRAIN_2664,hazel
TRAIN_2665,green
TRAIN_2666,blue
TRAIN_2667,hazel
TRAIN_2668,brown
TRAIN_2669,blue
TRAIN_2670,brown
TRAIN_2671,green
TRAIN_2672,blue
TRAIN_2673,brown
TRAIN_2674,blue
TRAIN_2675,brown
TRAIN_2676,blue
TRAIN_2677,brown
TRAIN_2678,blue
TRAIN_2679,brown
TRAIN_2680,blue
TRAIN_2681,green
TRAIN_2682,brown
TRAIN_2683,brown
TRAIN_2684,brown
TRAIN_2685,blue
TRAIN_2686,brown
TRAIN_2687,brown
TRAIN_2688,brown
TRAIN_2689,brown
TRAIN_2690,hazel
TRAIN_2691,hazel
TRAIN_2692,brown
TRAIN_2693,brown
TRAIN_2694,blue
TRAIN_2695,brown
TRAIN_2696,blue
TRAIN_2697,blue
TRAIN_2698,blue
TRAIN_2699,blue
TRAIN_2700,blue
TRAIN_2701,blue
TRAIN_2702,brown
TRAIN_2703,blue
TRAIN_2704,brown
TRAIN_2705,hazel
TRAIN_2706,green
TRAIN_2707,hazel
TRAIN_2708,hazel
TRAIN_2709,green
TRAIN_2710,green
TRAIN_2711,brown
TRAIN_2712,brown
TRAIN_2713,brown
TRAIN_2714,blue
TRAIN_2715,blue
TRAIN_2716,blue
TRAIN_2717,brown
TRAIN_2718,brown
TRAIN_2719,blue
TRAIN_2720,brown
TRAIN_2721,blue
TRAIN_2722,blue
TRAIN_2723,brown
TRAIN_2724,green
TRAIN_2725,hazel
TRAIN_2726,blue
TRAIN_2727,green
TRAIN_2728,blue
TRAIN_2729,hazel
TRAIN_2730,green
TRAIN_2731,blue
TRAIN_2732,blue
TRAIN_2733,blue
TRAIN_2734,hazel
TRAIN_2735,brown
TRAIN_2736,blue
TRAIN_2737,hazel
TRAIN_2738,blue
TRAIN_2739,brown
TRAIN_2740,hazel
TRAIN_2741,blue
TRAIN_2742,brown
TRAIN_2743,hazel
TRAIN_2744,blue
TRAIN_2745,blue
TRAIN_2746,green
TRAIN_2747,green
TRAIN_2748,hazel
TRAIN_2749,brown
TRAIN_2750,brown
TRAIN_2751,hazel
TRAIN_2752,brown
TRAIN_2753,blue
TRAIN_2754,blue
TRAIN_2755,blue
TRAIN_2756,blue
TRAIN_2757,blue
TRAIN_2758,blue
TRAIN_2759,blue
TRAIN_2760,brown
TRAIN_2761,green
TRAIN_2762,green
TRAIN_2763,hazel
TRAIN_2764,blue
TRAIN_2765,blue
TRAIN_2766,blue
TRAIN_2767,blue
TRAIN_2768,hazel
TRAIN_2769,brown
TRAIN_2770,blue
TRAIN_2771,blue
TRAIN_2772,hazel
TRAIN_2773,blue
TRAIN_2774,brown
TRAIN_2775,green
TRAIN_2776,brown
TRAIN_2777,blue
TRAIN_2778,brown
TRAIN_2779,blue
TRAIN_2780,blue
TRAIN_2781,blue
TRAIN_2782,green
TRAIN_2783,brown
TRAIN_2784,blue
TRAIN_2785,green
TRAIN_2786,green
TRAIN_2787,blue
TRAIN_2788,blue
TRAIN_2789,green
TRAIN_2790,hazel
TRAIN_2791,blue
TRAIN_2792,green
TRAIN_2793,blue
TRAIN_2794,green
TRAIN_2795,blue
TRAIN_2796,blue
TRAIN_2797,brown
TRAIN_2798,hazel
TRAIN_2799,blue
TRAIN_2800,green
TRAIN_2801,green
TRAIN_2802,blue
TRAIN_2803,hazel
TRAIN_2804,brown
TRAIN_2805,blue
TRAIN_2806,blue
TRAIN_2807,blue
TRAIN_2808,blue
TRAIN_2809,green
TRAIN_2810,blue
TRAIN_2811,brown
TRAIN_2812,blue
TRAIN_2813,brown
TRAIN_2814,green
TRAIN_2815,hazel
TRAIN_2816,blue
TRAIN_2817,brown
TRAIN_2818,green
TRAIN_2819,blue
TRAIN_2820,green
TRAIN_2821,brown
TRAIN_2822,green
TRAIN_2823,blue
TRAIN_2824,blue
TRAIN_2825,green
TRAIN_2826,brown
TRAIN_2827,hazel
TRAIN_2828,brown
TRAIN_2829,blue
TRAIN_2830,blue
TRAIN_2831,green
TRAIN_2832,green
TRAIN_2833,green
TRAIN_2834,hazel
TRAIN_2835,green
TRAIN_2836,blue
TRAIN_2837,green
TRAIN_2838,blue
TRAIN_2839,hazel
TRAIN_2840,green
TRAIN_2841,brown
TRAIN_2842,brown
TRAIN_2843,blue
TRAIN_2844,brown
TRAIN_2845,blue
TRAIN_2846,blue
TRAIN_2847,blue
TRAIN_2848,green
TRAIN_2849,green
TRAIN_2850,brown
TRAIN_2851,blue
TRAIN_2852,blue
TRAIN_2853,brown
TRAIN_2854,hazel
TRAIN_2855,hazel
TRAIN_2856,green
TRAIN_2857,blue
TRAIN_2858,green
TRAIN_2859,brown
TRAIN_2860,blue
TRAIN_2861,brown
TRAIN_2862,brown
TRAIN_2863,green
TRAIN_2864,blue
TRAIN_2865,blue
TRAIN_2866,brown
TRAIN_2867,blue
TRAIN_2868,brown
TRAIN_2869,hazel
TRAIN_2870,green
TRAIN_2871,brown
TRAIN_2872,blue
TRAIN_2873,blue
TRAIN_2874,brown
TRAIN_2875,brown
TRAIN_2876,brown
TRAIN_2877,brown
TRAIN_2878,green
TRAIN_2879,brown
TRAIN_2880,green
TRAIN_2881,blue
TRAIN_2882,blue
TRAIN_2883,blue
TRAIN_2884,blue
TRAIN_2885,green
TRAIN_2886,blue
TRAIN_2887,blue
TRAIN_2888,green
TRAIN_2889,brown
TRAIN_2890,hazel
TRAIN_2891,blue
TRAIN_2892,blue
TRAIN_2893,brown
TRAIN_2894,green
TRAIN_2895,blue
TRAIN_2896,hazel
TRAIN_2897,green
TRAIN_2898,blue
TRAIN_2899,blue
TRAIN_2900,green
TRAIN_2901,green
TRAIN_2902,blue
TRAIN_2903,blue
TRAIN_2904,blue
TRAIN_2905,hazel
TRAIN_2906,blue
TRAIN_2907,blue
TRAIN_2908,brown
TRAIN_2909,brown
TRAIN_2910,hazel
TRAIN_2911,blue
TRAIN_2912,hazel
TRAIN_2913,blue
TRAIN_2914,blue
TRAIN_2915,blue
TRAIN_2916,brown
TRAIN_2917,brown
TRAIN_2918,blue
TRAIN_2919,brown
TRAIN_2920,blue
TRAIN_2921,blue
TRAIN_2922,hazel
TRAIN_2923,blue
TRAIN_2924,brown
TRAIN_2925,blue
TRAIN_2926,brown
TRAIN_2927,green
TRAIN_2928,hazel
TRAIN_2929,green
TRAIN_2930,blue
TRAIN_2931,hazel
TRAIN_2932,brown
TRAIN_2933,green
TRAIN_2934,blue
TRAIN_2935,brown
TRAIN_2936,blue
TRAIN_2937,brown
TRAIN_2938,green
TRAIN_2939,blue
TRAIN_2940,green
TRAIN_2941,brown
TRAIN_2942,hazel
TRAIN_2943,brown
TRAIN_2944,blue
TRAIN_2945,blue
TRAIN_2946,blue
TRAIN_2947,green
TRAIN_2948,green
TRAIN_2949,green
TRAIN_2950,green
TRAIN_2951,hazel
TRAIN_2952,brown
TRAIN_2953,hazel
TRAIN_2954,brown
TRAIN_2955,brown
TRAIN_2956,green
TRAIN_2957,brown
TRAIN_2958,hazel
TRAIN_2959,blue
TRAIN_2960,brown
TRAIN_2961,brown
TRAIN_2962,blue
TRAIN_2963,green
TRAIN_2964,brown
TRAIN_2965,blue
TRAIN_2966,blue
TRAIN_2967,brown
TRAIN_2968,blue
TRAIN_2969,brown
TRAIN_2970,brown
TRAIN_2971,hazel
TRAIN_2972,brown
TRAIN_2973,green
TRAIN_2974,blue
TRAIN_2975,blue
TRAIN_2976,brown
TRAIN_2977,brown
TRAIN_2978,brown
TRAIN_2979,blue
TRAIN_2980,blue
TRAIN_2981,hazel
TRAIN_2982,blue
TRAIN_2983,blue
TRAIN_2984,blue
TRAIN_2985,blue
TRAIN_2986,brown
TRAIN_2987,green
TRAIN_2988,hazel
TRAIN_2989,hazel
TRAIN_2990,blue
TRAIN_2991,blue
TRAIN_2992,green
TRAIN_2993,blue
TRAIN_2994,blue
TRAIN_2995,brown
TRAIN_2996,green
TRAIN_2997,green
TRAIN_2998,blue
TRAIN_2999,hazel
