sample_id,hair_color
HAIR_0000,red
HAIR_0001,red
HAIR_0002,blonde
HAIR_0003,red
HAIR_0004,red
HAIR_0005,brown
HAIR_0006,red
HAIR_0007,blonde
HAIR_0008,blonde
HAIR_0009,red
HAIR_0010,red
HAIR_0011,blonde
HAIR_0012,blonde
HAIR_0013,blonde
HAIR_0014,brown
HAIR_0015,blonde
HAIR_0016,red
HAIR_0017,blonde
HAIR_0018,brown
HAIR_0019,red
HAIR_0020,red
HAIR_0021,red
HAIR_0022,red
HAIR_0023,blonde
HAIR_0024,brown
HAIR_0025,red
HAIR_0026,red
HAIR_0027,red
HAIR_0028,red
HAIR_0029,blonde
HAIR_0030,brown
HAIR_0031,red
HAIR_0032,blonde
HAIR_0033,blonde
HAIR_0034,red
HAIR_0035,red
HAIR_0036,brown
HAIR_0037,red
HAIR_0038,red
HAIR_0039,blonde
HAIR_0040,blonde
HAIR_0041,blonde
HAIR_0042,red
HAIR_0043,black
HAIR_0044,brown
HAIR_0045,blonde
HAIR_0046,blonde
HAIR_0047,blonde
HAIR_0048,blonde
HAIR_0049,blonde
HAIR_0050,red
HAIR_0051,blonde
HAIR_0052,blonde
HAIR_0053,red
HAIR_0054,blonde
HAIR_0055,brown
HAIR_0056,blonde
HAIR_0057,red
HAIR_0058,red
HAIR_0059,blonde
HAIR_0060,brown
HAIR_0061,red
HAIR_0062,red
HAIR_0063,brown
HAIR_0064,red
HAIR_0065,red
HAIR_0066,blonde
HAIR_0067,brown
HAIR_0068,red
HAIR_0069,blonde
HAIR_0070,red
HAIR_0071,red
HAIR_0072,blonde
HAIR_0073,red
HAIR_0074,red
HAIR_0075,red
HAIR_0076,blonde
HAIR_0077,red
HAIR_0078,red
HAIR_0079,red
HAIR_0080,red
HAIR_0081,black
HAIR_0082,blonde
HAIR_0083,blonde
HAIR_0084,red
HAIR_0085,red
HAIR_0086,red
HAIR_0087,blonde
HAIR_0088,brown
HAIR_0089,red
HAIR_0090,red
HAIR_0091,red
HAIR_0092,red
HAIR_0093,red
HAIR_0094,red
HAIR_0095,red
HAIR_0096,red
HAIR_0097,brown
HAIR_0098,red
HAIR_0099,red
HAIR_0100,red
HAIR_0101,red
HAIR_0102,blonde
HAIR_0103,red
HAIR_0104,blonde
HAIR_0105,blonde
HAIR_0106,blonde
HAIR_0107,red
HAIR_0108,blonde
HAIR_0109,brown
HAIR_0110,blonde
HAIR_0111,red
HAIR_0112,blonde
HAIR_0113,red
HAIR_0114,red
HAIR_0115,blonde
HAIR_0116,red
HAIR_0117,red
HAIR_0118,red
HAIR_0119,red
HAIR_0120,red
HAIR_0121,red
HAIR_0122,blonde
HAIR_0123,red
HAIR_0124,red
HAIR_0125,red
HAIR_0126,red
HAIR_0127,brown
HAIR_0128,blonde
HAIR_0129,red
HAIR_0130,red
HAIR_0131,brown
HAIR_0132,blonde
HAIR_0133,blonde
HAIR_0134,blonde
HAIR_0135,blonde
HAIR_0136,red
HAIR_0137,red
HAIR_0138,red
HAIR_0139,red
HAIR_0140,red
HAIR_0141,red
HAIR_0142,blonde
HAIR_0143,brown
HAIR_0144,red
HAIR_0145,brown
HAIR_0146,red
HAIR_0147,blonde
HAIR_0148,red
HAIR_0149,red
HAIR_0150,brown
HAIR_0151,blonde
HAIR_0152,blonde
HAIR_0153,brown
HAIR_0154,blonde
HAIR_0155,blonde
HAIR_0156,brown
HAIR_0157,red
HAIR_0158,red
HAIR_0159,red
HAIR_0160,red
HAIR_0161,brown
HAIR_0162,blonde
HAIR_0163,brown
HAIR_0164,red
HAIR_0165,red
HAIR_0166,red
HAIR_0167,red
HAIR_0168,blonde
HAIR_0169,red
HAIR_0170,red
HAIR_0171,red
HAIR_0172,blonde
HAIR_0173,brown
HAIR_0174,red
HAIR_0175,red
HAIR_0176,blonde
HAIR_0177,blonde
HAIR_0178,blonde
HAIR_0179,red
HAIR_0180,red
HAIR_0181,brown
HAIR_0182,red
HAIR_0183,red
HAIR_0184,red
HAIR_0185,brown
HAIR_0186,red
HAIR_0187,red
HAIR_0188,red
HAIR_0189,red
HAIR_0190,red
HAIR_0191,red
HAIR_0192,red
HAIR_0193,blonde
HAIR_0194,red
HAIR_0195,red
HAIR_0196,red
HAIR_0197,red
HAIR_0198,blonde
HAIR_0199,red
HAIR_0200,red
HAIR_0201,red
HAIR_0202,red
HAIR_0203,blonde
HAIR_0204,blonde
HAIR_0205,blonde
HAIR_0206,red
HAIR_0207,red
HAIR_0208,brown
HAIR_0209,red
HAIR_0210,brown
HAIR_0211,red
HAIR_0212,brown
HAIR_0213,blonde
HAIR_0214,blonde
HAIR_0215,blonde
HAIR_0216,blonde
HAIR_0217,blonde
HAIR_0218,blonde
HAIR_0219,brown
HAIR_0220,red
HAIR_0221,red
HAIR_0222,black
HAIR_0223,blonde
HAIR_0224,red
HAIR_0225,blonde
HAIR_0226,blonde
HAIR_0227,blonde
HAIR_0228,red
HAIR_0229,red
HAIR_0230,red
HAIR_0231,red
HAIR_0232,red
HAIR_0233,brown
HAIR_0234,blonde
HAIR_0235,blonde
HAIR_0236,blonde
HAIR_0237,brown
HAIR_0238,brown
HAIR_0239,red
HAIR_0240,red
HAIR_0241,red
HAIR_0242,blonde
HAIR_0243,blonde
HAIR_0244,red
HAIR_0245,red
HAIR_0246,blonde
HAIR_0247,red
HAIR_0248,red
HAIR_0249,brown
HAIR_0250,brown
HAIR_0251,blonde
HAIR_0252,brown
HAIR_0253,red
HAIR_0254,red
HAIR_0255,blonde
HAIR_0256,blonde
HAIR_0257,brown
HAIR_0258,red
HAIR_0259,red
HAIR_0260,red
HAIR_0261,red
HAIR_0262,blonde
HAIR_0263,red
HAIR_0264,blonde
HAIR_0265,red
HAIR_0266,blonde
HAIR_0267,blonde
HAIR_0268,red
HAIR_0269,red
HAIR_0270,blonde
HAIR_0271,red
HAIR_0272,brown
HAIR_0273,blonde
HAIR_0274,brown
HAIR_0275,red
HAIR_0276,blonde
HAIR_0277,blonde
HAIR_0278,blonde
HAIR_0279,red
HAIR_0280,brown
HAIR_0281,red
HAIR_0282,red
HAIR_0283,blonde
HAIR_0284,blonde
HAIR_0285,red
HAIR_0286,blonde
HAIR_0287,blonde
HAIR_0288,brown
HAIR_0289,brown
HAIR_0290,red
HAIR_0291,blonde
HAIR_0292,blonde
HAIR_0293,red
HAIR_0294,blonde
HAIR_0295,red
HAIR_0296,red
HAIR_0297,blonde
HAIR_0298,red
HAIR_0299,brown
HAIR_0300,red
HAIR_0301,red
HAIR_0302,brown
HAIR_0303,red
HAIR_0304,red
HAIR_0305,red
HAIR_0306,blonde
HAIR_0307,red
HAIR_0308,blonde
HAIR_0309,brown
HAIR_0310,red
HAIR_0311,red
HAIR_0312,red
HAIR_0313,blonde
HAIR_0314,blonde
HAIR_0315,blonde
HAIR_0316,red
HAIR_0317,red
HAIR_0318,red
HAIR_0319,brown
HAIR_0320,red
HAIR_0321,brown
HAIR_0322,red
HAIR_0323,red
HAIR_0324,red
HAIR_0325,red
HAIR_0326,red
HAIR_0327,brown
HAIR_0328,blonde
HAIR_0329,red
HAIR_0330,red
HAIR_0331,brown
HAIR_0332,brown
HAIR_0333,red
HAIR_0334,blonde
HAIR_0335,brown
HAIR_0336,red
HAIR_0337,red
HAIR_0338,red
HAIR_0339,red
HAIR_0340,blonde
HAIR_0341,blonde
HAIR_0342,red
HAIR_0343,red
HAIR_0344,red
HAIR_0345,red
HAIR_0346,red
HAIR_0347,red
HAIR_0348,red
HAIR_0349,red
HAIR_0350,blonde
HAIR_0351,red
HAIR_0352,red
HAIR_0353,red
HAIR_0354,brown
HAIR_0355,red
HAIR_0356,brown
HAIR_0357,blonde
HAIR_0358,blonde
HAIR_0359,blonde
HAIR_0360,blonde
HAIR_0361,brown
HAIR_0362,brown
HAIR_0363,blonde
HAIR_0364,blonde
HAIR_0365,red
HAIR_0366,blonde
HAIR_0367,red
HAIR_0368,blonde
HAIR_0369,red
HAIR_0370,blonde
HAIR_0371,brown
HAIR_0372,blonde
HAIR_0373,blonde
HAIR_0374,red
HAIR_0375,red
HAIR_0376,red
HAIR_0377,brown
HAIR_0378,red
HAIR_0379,red
HAIR_0380,red
HAIR_0381,blonde
HAIR_0382,red
HAIR_0383,blonde
HAIR_0384,red
HAIR_0385,red
HAIR_0386,brown
HAIR_0387,red
HAIR_0388,red
HAIR_0389,blonde
HAIR_0390,red
HAIR_0391,blonde
HAIR_0392,red
HAIR_0393,red
HAIR_0394,red
HAIR_0395,blonde
HAIR_0396,red
HAIR_0397,blonde
HAIR_0398,brown
HAIR_0399,red
HAIR_0400,brown
HAIR_0401,brown
HAIR_0402,brown
HAIR_0403,red
HAIR_0404,red
HAIR_0405,blonde
HAIR_0406,blonde
HAIR_0407,red
HAIR_0408,brown
HAIR_0409,red
HAIR_0410,red
HAIR_0411,blonde
HAIR_0412,blonde
HAIR_0413,red
HAIR_0414,blonde
HAIR_0415,blonde
HAIR_0416,brown
HAIR_0417,brown
HAIR_0418,red
HAIR_0419,blonde
HAIR_0420,red
HAIR_0421,red
HAIR_0422,blonde
HAIR_0423,red
HAIR_0424,red
HAIR_0425,red
HAIR_0426,red
HAIR_0427,red
HAIR_0428,red
HAIR_0429,brown
HAIR_0430,blonde
HAIR_0431,red
HAIR_0432,brown
HAIR_0433,red
HAIR_0434,red
HAIR_0435,red
HAIR_0436,blonde
HAIR_0437,red
HAIR_0438,red
HAIR_0439,red
HAIR_0440,brown
HAIR_0441,blonde
HAIR_0442,red
HAIR_0443,red
HAIR_0444,blonde
HAIR_0445,red
HAIR_0446,blonde
HAIR_0447,blonde
HAIR_0448,blonde
HAIR_0449,brown
HAIR_0450,red
HAIR_0451,red
HAIR_0452,red
HAIR_0453,blonde
HAIR_0454,blonde
HAIR_0455,red
HAIR_0456,blonde
HAIR_0457,red
HAIR_0458,blonde
HAIR_0459,blonde
HAIR_0460,red
HAIR_0461,red
HAIR_0462,red
HAIR_0463,red
HAIR_0464,red
HAIR_0465,blonde
HAIR_0466,blonde
HAIR_0467,blonde
HAIR_0468,red
HAIR_0469,red
HAIR_0470,blonde
HAIR_0471,red
HAIR_0472,red
HAIR_0473,brown
HAIR_0474,red
HAIR_0475,red
HAIR_0476,blonde
HAIR_0477,red
HAIR_0478,red
HAIR_0479,red
HAIR_0480,blonde
HAIR_0481,red
HAIR_0482,red
HAIR_0483,red
HAIR_0484,brown
HAIR_0485,brown
HAIR_0486,blonde
HAIR_0487,red
HAIR_0488,red
HAIR_0489,red
HAIR_0490,red
HAIR_0491,red
HAIR_0492,red
HAIR_0493,red
HAIR_0494,red
HAIR_0495,red
HAIR_0496,red
HAIR_0497,blonde
HAIR_0498,red
HAIR_0499,red
HAIR_0500,red
HAIR_0501,brown
HAIR_0502,blonde
HAIR_0503,red
HAIR_0504,red
HAIR_0505,blonde
HAIR_0506,brown
HAIR_0507,red
HAIR_0508,brown
HAIR_0509,brown
HAIR_0510,red
HAIR_0511,red
HAIR_0512,blonde
HAIR_0513,blonde
HAIR_0514,red
HAIR_0515,red
HAIR_0516,red
HAIR_0517,red
HAIR_0518,brown
HAIR_0519,red
HAIR_0520,red
HAIR_0521,blonde
HAIR_0522,blonde
HAIR_0523,blonde
HAIR_0524,brown
HAIR_0525,red
HAIR_0526,blonde
HAIR_0527,blonde
HAIR_0528,red
HAIR_0529,red
HAIR_0530,red
HAIR_0531,brown
HAIR_0532,blonde
HAIR_0533,red
HAIR_0534,blonde
HAIR_0535,red
HAIR_0536,red
HAIR_0537,blonde
HAIR_0538,red
HAIR_0539,red
HAIR_0540,red
HAIR_0541,red
HAIR_0542,red
HAIR_0543,red
HAIR_0544,red
HAIR_0545,red
HAIR_0546,brown
HAIR_0547,blonde
HAIR_0548,blonde
HAIR_0549,red
HAIR_0550,blonde
HAIR_0551,red
HAIR_0552,blonde
HAIR_0553,brown
HAIR_0554,blonde
HAIR_0555,brown
HAIR_0556,blonde
HAIR_0557,brown
HAIR_0558,blonde
HAIR_0559,red
HAIR_0560,red
HAIR_0561,brown
HAIR_0562,brown
HAIR_0563,red
HAIR_0564,blonde
HAIR_0565,red
HAIR_0566,red
HAIR_0567,red
HAIR_0568,blonde
HAIR_0569,red
HAIR_0570,red
HAIR_0571,brown
HAIR_0572,red
HAIR_0573,red
HAIR_0574,blonde
HAIR_0575,red
HAIR_0576,brown
HAIR_0577,blonde
HAIR_0578,red
HAIR_0579,red
HAIR_0580,blonde
HAIR_0581,red
HAIR_0582,brown
HAIR_0583,blonde
HAIR_0584,blonde
HAIR_0585,red
HAIR_0586,red
HAIR_0587,red
HAIR_0588,red
HAIR_0589,red
HAIR_0590,blonde
HAIR_0591,brown
HAIR_0592,blonde
HAIR_0593,red
HAIR_0594,blonde
HAIR_0595,red
HAIR_0596,blonde
HAIR_0597,brown
HAIR_0598,red
HAIR_0599,red
HAIR_0600,blonde
HAIR_0601,blonde
HAIR_0602,blonde
HAIR_0603,red
HAIR_0604,blonde
HAIR_0605,black
HAIR_0606,blonde
HAIR_0607,red
HAIR_0608,blonde
HAIR_0609,brown
HAIR_0610,blonde
HAIR_0611,red
HAIR_0612,blonde
HAIR_0613,red
HAIR_0614,blonde
HAIR_0615,red
HAIR_0616,red
HAIR_0617,red
HAIR_0618,blonde
HAIR_0619,red
HAIR_0620,red
HAIR_0621,red
HAIR_0622,red
HAIR_0623,brown
HAIR_0624,red
HAIR_0625,brown
HAIR_0626,red
HAIR_0627,blonde
HAIR_0628,red
HAIR_0629,brown
HAIR_0630,red
HAIR_0631,blonde
HAIR_0632,red
HAIR_0633,red
HAIR_0634,blonde
HAIR_0635,red
HAIR_0636,brown
HAIR_0637,red
HAIR_0638,blonde
HAIR_0639,red
HAIR_0640,blonde
HAIR_0641,red
HAIR_0642,blonde
HAIR_0643,red
HAIR_0644,red
HAIR_0645,red
HAIR_0646,blonde
HAIR_0647,red
HAIR_0648,red
HAIR_0649,red
HAIR_0650,blonde
HAIR_0651,red
HAIR_0652,red
HAIR_0653,blonde
HAIR_0654,red
HAIR_0655,red
HAIR_0656,brown
HAIR_0657,red
HAIR_0658,brown
HAIR_0659,blonde
HAIR_0660,red
HAIR_0661,blonde
HAIR_0662,blonde
HAIR_0663,blonde
HAIR_0664,red
HAIR_0665,blonde
HAIR_0666,red
HAIR_0667,blonde
HAIR_0668,blonde
HAIR_0669,blonde
HAIR_0670,red
HAIR_0671,red
HAIR_0672,red
HAIR_0673,red
HAIR_0674,red
HAIR_0675,blonde
HAIR_0676,red
HAIR_0677,red
HAIR_0678,brown
HAIR_0679,blonde
HAIR_0680,red
HAIR_0681,red
HAIR_0682,red
HAIR_0683,brown
HAIR_0684,red
HAIR_0685,red
HAIR_0686,red
HAIR_0687,red
HAIR_0688,red
HAIR_0689,red
HAIR_0690,blonde
HAIR_0691,blonde
HAIR_0692,red
HAIR_0693,red
HAIR_0694,red
HAIR_0695,red
HAIR_0696,blonde
HAIR_0697,blonde
HAIR_0698,red
HAIR_0699,blonde
HAIR_0700,brown
HAIR_0701,black
HAIR_0702,brown
HAIR_0703,blonde
HAIR_0704,blonde
HAIR_0705,blonde
HAIR_0706,blonde
HAIR_0707,red
HAIR_0708,red
HAIR_0709,red
HAIR_0710,red
HAIR_0711,red
HAIR_0712,red
HAIR_0713,brown
HAIR_0714,brown
HAIR_0715,blonde
HAIR_0716,red
HAIR_0717,blonde
HAIR_0718,blonde
HAIR_0719,blonde
HAIR_0720,red
HAIR_0721,blonde
HAIR_0722,brown
HAIR_0723,brown
HAIR_0724,blonde
HAIR_0725,red
HAIR_0726,blonde
HAIR_0727,red
HAIR_0728,red
HAIR_0729,red
HAIR_0730,blonde
HAIR_0731,red
HAIR_0732,red
HAIR_0733,red
HAIR_0734,red
HAIR_0735,blonde
HAIR_0736,red
HAIR_0737,blonde
HAIR_0738,red
HAIR_0739,blonde
HAIR_0740,brown
HAIR_0741,brown
HAIR_0742,brown
HAIR_0743,brown
HAIR_0744,blonde
HAIR_0745,brown
HAIR_0746,red
HAIR_0747,red
HAIR_0748,blonde
HAIR_0749,blonde
HAIR_0750,blonde
HAIR_0751,brown
HAIR_0752,blonde
HAIR_0753,red
HAIR_0754,blonde
HAIR_0755,red
HAIR_0756,red
HAIR_0757,blonde
HAIR_0758,red
HAIR_0759,red
HAIR_0760,red
HAIR_0761,red
HAIR_0762,red
HAIR_0763,red
HAIR_0764,red
HAIR_0765,blonde
HAIR_0766,brown
HAIR_0767,red
HAIR_0768,blonde
HAIR_0769,red
HAIR_0770,red
HAIR_0771,red
HAIR_0772,red
HAIR_0773,red
HAIR_0774,blonde
HAIR_0775,brown
HAIR_0776,red
HAIR_0777,blonde
HAIR_0778,brown
HAIR_0779,brown
HAIR_0780,red
HAIR_0781,red
HAIR_0782,red
HAIR_0783,red
HAIR_0784,blonde
HAIR_0785,red
HAIR_0786,blonde
HAIR_0787,red
HAIR_0788,blonde
HAIR_0789,blonde
HAIR_0790,blonde
HAIR_0791,red
HAIR_0792,red
HAIR_0793,red
HAIR_0794,blonde
HAIR_0795,red
HAIR_0796,red
HAIR_0797,red
HAIR_0798,red
HAIR_0799,red
HAIR_0800,red
HAIR_0801,brown
HAIR_0802,red
HAIR_0803,brown
HAIR_0804,red
HAIR_0805,red
HAIR_0806,red
HAIR_0807,brown
HAIR_0808,brown
HAIR_0809,red
HAIR_0810,red
HAIR_0811,red
HAIR_0812,blonde
HAIR_0813,brown
HAIR_0814,red
HAIR_0815,blonde
HAIR_0816,blonde
HAIR_0817,red
HAIR_0818,blonde
HAIR_0819,red
HAIR_0820,red
HAIR_0821,blonde
HAIR_0822,blonde
HAIR_0823,red
HAIR_0824,blonde
HAIR_0825,blonde
HAIR_0826,red
HAIR_0827,red
HAIR_0828,brown
HAIR_0829,red
HAIR_0830,red
HAIR_0831,red
HAIR_0832,black
HAIR_0833,red
HAIR_0834,blonde
HAIR_0835,brown
HAIR_0836,blonde
HAIR_0837,brown
HAIR_0838,red
HAIR_0839,red
HAIR_0840,brown
HAIR_0841,red
HAIR_0842,brown
HAIR_0843,red
HAIR_0844,red
HAIR_0845,red
HAIR_0846,red
HAIR_0847,red
HAIR_0848,blonde
HAIR_0849,brown
HAIR_0850,red
HAIR_0851,brown
HAIR_0852,blonde
HAIR_0853,blonde
HAIR_0854,brown
HAIR_0855,red
HAIR_0856,blonde
HAIR_0857,blonde
HAIR_0858,blonde
HAIR_0859,red
HAIR_0860,red
HAIR_0861,red
HAIR_0862,blonde
HAIR_0863,red
HAIR_0864,blonde
HAIR_0865,red
HAIR_0866,red
HAIR_0867,red
HAIR_0868,red
HAIR_0869,blonde
HAIR_0870,blonde
HAIR_0871,red
HAIR_0872,red
HAIR_0873,blonde
HAIR_0874,red
HAIR_0875,blonde
HAIR_0876,red
HAIR_0877,blonde
HAIR_0878,red
HAIR_0879,blonde
HAIR_0880,blonde
HAIR_0881,blonde
HAIR_0882,brown
HAIR_0883,blonde
HAIR_0884,red
HAIR_0885,red
HAIR_0886,red
HAIR_0887,red
HAIR_0888,red
HAIR_0889,brown
HAIR_0890,red
HAIR_0891,brown
HAIR_0892,blonde
HAIR_0893,brown
HAIR_0894,blonde
HAIR_0895,blonde
HAIR_0896,red
HAIR_0897,blonde
HAIR_0898,red
HAIR_0899,red
HAIR_0900,red
HAIR_0901,blonde
HAIR_0902,red
HAIR_0903,red
HAIR_0904,red
HAIR_0905,red
HAIR_0906,blonde
HAIR_0907,red
HAIR_0908,red
HAIR_0909,blonde
HAIR_0910,red
HAIR_0911,red
HAIR_0912,blonde
HAIR_0913,red
HAIR_0914,blonde
HAIR_0915,red
HAIR_0916,blonde
HAIR_0917,blonde
HAIR_0918,red
HAIR_0919,red
HAIR_0920,blonde
HAIR_0921,red
HAIR_0922,brown
HAIR_0923,brown
HAIR_0924,blonde
HAIR_0925,blonde
HAIR_0926,red
HAIR_0927,red
HAIR_0928,blonde
HAIR_0929,brown
HAIR_0930,blonde
HAIR_0931,blonde
HAIR_0932,blonde
HAIR_0933,blonde
HAIR_0934,brown
HAIR_0935,red
HAIR_0936,red
HAIR_0937,red
HAIR_0938,red
HAIR_0939,red
HAIR_0940,brown
HAIR_0941,brown
HAIR_0942,red
HAIR_0943,red
HAIR_0944,red
HAIR_0945,blonde
HAIR_0946,black
HAIR_0947,red
HAIR_0948,blonde
HAIR_0949,red
HAIR_0950,blonde
HAIR_0951,red
HAIR_0952,blonde
HAIR_0953,blonde
HAIR_0954,red
HAIR_0955,red
HAIR_0956,red
HAIR_0957,red
HAIR_0958,red
HAIR_0959,brown
HAIR_0960,red
HAIR_0961,red
HAIR_0962,blonde
HAIR_0963,red
HAIR_0964,red
HAIR_0965,brown
HAIR_0966,red
HAIR_0967,blonde
HAIR_0968,red
HAIR_0969,blonde
HAIR_0970,red
HAIR_0971,red
HAIR_0972,blonde
HAIR_0973,red
HAIR_0974,red
HAIR_0975,brown
HAIR_0976,red
HAIR_0977,brown
HAIR_0978,brown
HAIR_0979,brown
HAIR_0980,red
HAIR_0981,red
HAIR_0982,blonde
HAIR_0983,blonde
HAIR_0984,red
HAIR_0985,blonde
HAIR_0986,red
HAIR_0987,blonde
HAIR_0988,red
HAIR_0989,blonde
HAIR_0990,red
HAIR_0991,blonde
HAIR_0992,brown
HAIR_0993,black
HAIR_0994,red
HAIR_0995,brown
HAIR_0996,red
HAIR_0997,red
HAIR_0998,blonde
HAIR_0999,red
HAIR_1000,blonde
HAIR_1001,blonde
HAIR_1002,blonde
HAIR_1003,red
HAIR_1004,brown
HAIR_1005,red
HAIR_1006,brown
HAIR_1007,blonde
HAIR_1008,brown
HAIR_1009,red
HAIR_1010,blonde
HAIR_1011,red
HAIR_1012,red
HAIR_1013,blonde
HAIR_1014,blonde
HAIR_1015,blonde
HAIR_1016,red
HAIR_1017,red
HAIR_1018,blonde
HAIR_1019,brown
HAIR_1020,red
HAIR_1021,red
HAIR_1022,blonde
HAIR_1023,red
HAIR_1024,red
HAIR_1025,blonde
HAIR_1026,red
HAIR_1027,brown
HAIR_1028,red
HAIR_1029,blonde
HAIR_1030,brown
HAIR_1031,blonde
HAIR_1032,blonde
HAIR_1033,red
HAIR_1034,brown
HAIR_1035,brown
HAIR_1036,blonde
HAIR_1037,red
HAIR_1038,blonde
HAIR_1039,red
HAIR_1040,brown
HAIR_1041,brown
HAIR_1042,blonde
HAIR_1043,blonde
HAIR_1044,blonde
HAIR_1045,brown
HAIR_1046,brown
HAIR_1047,brown
HAIR_1048,red
HAIR_1049,red
HAIR_1050,red
HAIR_1051,red
HAIR_1052,red
HAIR_1053,red
HAIR_1054,blonde
HAIR_1055,red
HAIR_1056,red
HAIR_1057,blonde
HAIR_1058,brown
HAIR_1059,blonde
HAIR_1060,red
HAIR_1061,red
HAIR_1062,red
HAIR_1063,red
HAIR_1064,red
HAIR_1065,blonde
HAIR_1066,red
HAIR_1067,blonde
HAIR_1068,red
HAIR_1069,red
HAIR_1070,red
HAIR_1071,blonde
HAIR_1072,red
HAIR_1073,brown
HAIR_1074,blonde
HAIR_1075,red
HAIR_1076,red
HAIR_1077,red
HAIR_1078,red
HAIR_1079,red
HAIR_1080,red
HAIR_1081,blonde
HAIR_1082,blonde
HAIR_1083,blonde
HAIR_1084,red
HAIR_1085,red
HAIR_1086,brown
HAIR_1087,red
HAIR_1088,blonde
HAIR_1089,blonde
HAIR_1090,blonde
HAIR_1091,red
HAIR_1092,red
HAIR_1093,red
HAIR_1094,red
HAIR_1095,brown
HAIR_1096,red
HAIR_1097,red
HAIR_1098,red
HAIR_1099,brown
HAIR_1100,red
HAIR_1101,red
HAIR_1102,blonde
HAIR_1103,red
HAIR_1104,blonde
HAIR_1105,red
HAIR_1106,red
HAIR_1107,red
HAIR_1108,blonde
HAIR_1109,red
HAIR_1110,blonde
HAIR_1111,brown
HAIR_1112,red
HAIR_1113,blonde
HAIR_1114,red
HAIR_1115,red
HAIR_1116,red
HAIR_1117,red
HAIR_1118,black
HAIR_1119,red
HAIR_1120,red
HAIR_1121,red
HAIR_1122,blonde
HAIR_1123,red
HAIR_1124,blonde
HAIR_1125,blonde
HAIR_1126,brown
HAIR_1127,blonde
HAIR_1128,brown
HAIR_1129,red
HAIR_1130,red
HAIR_1131,blonde
HAIR_1132,blonde
HAIR_1133,blonde
HAIR_1134,red
HAIR_1135,red
HAIR_1136,red
HAIR_1137,red
HAIR_1138,brown
HAIR_1139,red
HAIR_1140,red
HAIR_1141,blonde
HAIR_1142,red
HAIR_1143,red
HAIR_1144,red
HAIR_1145,red
HAIR_1146,red
HAIR_1147,blonde
HAIR_1148,brown
HAIR_1149,brown
HAIR_1150,red
HAIR_1151,brown
HAIR_1152,blonde
HAIR_1153,blonde
HAIR_1154,red
HAIR_1155,red
HAIR_1156,black
HAIR_1157,red
HAIR_1158,red
HAIR_1159,blonde
HAIR_1160,blonde
HAIR_1161,blonde
HAIR_1162,red
HAIR_1163,brown
HAIR_1164,brown
HAIR_1165,blonde
HAIR_1166,red
HAIR_1167,blonde
HAIR_1168,brown
HAIR_1169,red
HAIR_1170,blonde
HAIR_1171,red
HAIR_1172,blonde
HAIR_1173,brown
HAIR_1174,brown
HAIR_1175,red
HAIR_1176,blonde
HAIR_1177,red
HAIR_1178,blonde
HAIR_1179,red
HAIR_1180,blonde
HAIR_1181,blonde
HAIR_1182,red
HAIR_1183,red
HAIR_1184,red
HAIR_1185,blonde
HAIR_1186,brown
HAIR_1187,blonde
HAIR_1188,brown
HAIR_1189,red
HAIR_1190,blonde
HAIR_1191,red
HAIR_1192,brown
HAIR_1193,blonde
HAIR_1194,blonde
HAIR_1195,brown
HAIR_1196,red
HAIR_1197,blonde
HAIR_1198,red
HAIR_1199,red
HAIR_1200,red
HAIR_1201,red
HAIR_1202,red
HAIR_1203,red
HAIR_1204,blonde
HAIR_1205,red
HAIR_1206,blonde
HAIR_1207,blonde
HAIR_1208,red
HAIR_1209,red
HAIR_1210,blonde
HAIR_1211,blonde
HAIR_1212,red
HAIR_1213,blonde
HAIR_1214,blonde
HAIR_1215,red
HAIR_1216,blonde
HAIR_1217,red
HAIR_1218,brown
HAIR_1219,blonde
HAIR_1220,brown
HAIR_1221,blonde
HAIR_1222,red
HAIR_1223,blonde
HAIR_1224,red
HAIR_1225,red
HAIR_1226,blonde
HAIR_1227,red
HAIR_1228,black
HAIR_1229,brown
HAIR_1230,red
HAIR_1231,blonde
HAIR_1232,black
HAIR_1233,blonde
HAIR_1234,red
HAIR_1235,red
HAIR_1236,blonde
HAIR_1237,brown
HAIR_1238,red
HAIR_1239,red
HAIR_1240,blonde
HAIR_1241,brown
HAIR_1242,red
HAIR_1243,blonde
HAIR_1244,brown
HAIR_1245,red
HAIR_1246,blonde
HAIR_1247,red
HAIR_1248,red
HAIR_1249,red
HAIR_1250,red
HAIR_1251,red
HAIR_1252,red
HAIR_1253,blonde
HAIR_1254,blonde
HAIR_1255,blonde
HAIR_1256,red
HAIR_1257,blonde
HAIR_1258,blonde
HAIR_1259,blonde
HAIR_1260,blonde
HAIR_1261,red
HAIR_1262,red
HAIR_1263,red
HAIR_1264,blonde
HAIR_1265,blonde
HAIR_1266,brown
HAIR_1267,red
HAIR_1268,brown
HAIR_1269,red
HAIR_1270,blonde
HAIR_1271,red
HAIR_1272,brown
HAIR_1273,brown
HAIR_1274,red
HAIR_1275,red
HAIR_1276,blonde
HAIR_1277,blonde
HAIR_1278,red
HAIR_1279,red
HAIR_1280,red
HAIR_1281,red
HAIR_1282,red
HAIR_1283,red
HAIR_1284,red
HAIR_1285,red
HAIR_1286,blonde
HAIR_1287,red
HAIR_1288,brown
HAIR_1289,red
HAIR_1290,red
HAIR_1291,brown
HAIR_1292,red
HAIR_1293,red
HAIR_1294,brown
HAIR_1295,red
HAIR_1296,blonde
HAIR_1297,red
HAIR_1298,red
HAIR_1299,red
HAIR_1300,brown
HAIR_1301,red
HAIR_1302,brown
HAIR_1303,blonde
HAIR_1304,red
HAIR_1305,red
HAIR_1306,red
HAIR_1307,red
HAIR_1308,red
HAIR_1309,blonde
HAIR_1310,blonde
HAIR_1311,red
HAIR_1312,red
HAIR_1313,blonde
HAIR_1314,blonde
HAIR_1315,blonde
HAIR_1316,red
HAIR_1317,red
HAIR_1318,red
HAIR_1319,red
HAIR_1320,red
HAIR_1321,blonde
HAIR_1322,blonde
HAIR_1323,blonde
HAIR_1324,red
HAIR_1325,blonde
HAIR_1326,red
HAIR_1327,blonde
HAIR_1328,red
HAIR_1329,red
HAIR_1330,red
HAIR_1331,red
HAIR_1332,blonde
HAIR_1333,red
HAIR_1334,red
HAIR_1335,red
HAIR_1336,blonde
HAIR_1337,red
HAIR_1338,blonde
HAIR_1339,red
HAIR_1340,blonde
HAIR_1341,black
HAIR_1342,red
HAIR_1343,brown
HAIR_1344,blonde
HAIR_1345,red
HAIR_1346,red
HAIR_1347,blonde
HAIR_1348,red
HAIR_1349,red
HAIR_1350,brown
HAIR_1351,red
HAIR_1352,red
HAIR_1353,blonde
HAIR_1354,red
HAIR_1355,red
HAIR_1356,blonde
HAIR_1357,red
HAIR_1358,blonde
HAIR_1359,blonde
HAIR_1360,red
HAIR_1361,blonde
HAIR_1362,blonde
HAIR_1363,red
HAIR_1364,red
HAIR_1365,red
HAIR_1366,red
HAIR_1367,blonde
HAIR_1368,blonde
HAIR_1369,brown
HAIR_1370,red
HAIR_1371,red
HAIR_1372,red
HAIR_1373,blonde
HAIR_1374,blonde
HAIR_1375,red
HAIR_1376,blonde
HAIR_1377,red
HAIR_1378,red
HAIR_1379,red
HAIR_1380,blonde
HAIR_1381,red
HAIR_1382,red
HAIR_1383,blonde
HAIR_1384,red
HAIR_1385,blonde
HAIR_1386,blonde
HAIR_1387,blonde
HAIR_1388,red
HAIR_1389,red
HAIR_1390,red
HAIR_1391,red
HAIR_1392,red
HAIR_1393,red
HAIR_1394,red
HAIR_1395,red
HAIR_1396,red
HAIR_1397,red
HAIR_1398,red
HAIR_1399,red
HAIR_1400,red
HAIR_1401,red
HAIR_1402,brown
HAIR_1403,blonde
HAIR_1404,blonde
HAIR_1405,blonde
HAIR_1406,red
HAIR_1407,blonde
HAIR_1408,red
HAIR_1409,red
HAIR_1410,blonde
HAIR_1411,red
HAIR_1412,blonde
HAIR_1413,blonde
HAIR_1414,blonde
HAIR_1415,blonde
HAIR_1416,blonde
HAIR_1417,red
HAIR_1418,red
HAIR_1419,red
HAIR_1420,red
HAIR_1421,red
HAIR_1422,blonde
HAIR_1423,blonde
HAIR_1424,blonde
HAIR_1425,black
HAIR_1426,blonde
HAIR_1427,red
HAIR_1428,red
HAIR_1429,red
HAIR_1430,red
HAIR_1431,red
HAIR_1432,blonde
HAIR_1433,blonde
HAIR_1434,red
HAIR_1435,blonde
HAIR_1436,blonde
HAIR_1437,blonde
HAIR_1438,red
HAIR_1439,blonde
HAIR_1440,brown
HAIR_1441,red
HAIR_1442,red
HAIR_1443,red
HAIR_1444,red
HAIR_1445,blonde
HAIR_1446,brown
HAIR_1447,red
HAIR_1448,red
HAIR_1449,red
HAIR_1450,red
HAIR_1451,red
HAIR_1452,brown
HAIR_1453,brown
HAIR_1454,blonde
HAIR_1455,brown
HAIR_1456,red
HAIR_1457,brown
HAIR_1458,brown
HAIR_1459,brown
HAIR_1460,brown
HAIR_1461,red
HAIR_1462,brown
HAIR_1463,blonde
HAIR_1464,blonde
HAIR_1465,red
HAIR_1466,red
HAIR_1467,blonde
HAIR_1468,brown
HAIR_1469,red
HAIR_1470,blonde
HAIR_1471,blonde
HAIR_1472,red
HAIR_1473,red
HAIR_1474,blonde
HAIR_1475,brown
HAIR_1476,brown
HAIR_1477,red
HAIR_1478,blonde
HAIR_1479,red
HAIR_1480,black
HAIR_1481,blonde
HAIR_1482,red
HAIR_1483,blonde
HAIR_1484,blonde
HAIR_1485,blonde
HAIR_1486,blonde
HAIR_1487,brown
HAIR_1488,brown
HAIR_1489,blonde
HAIR_1490,red
HAIR_1491,brown
HAIR_1492,red
HAIR_1493,red
HAIR_1494,red
HAIR_1495,red
HAIR_1496,blonde
HAIR_1497,red
HAIR_1498,red
HAIR_1499,blonde
HAIR_1500,brown
HAIR_1501,blonde
HAIR_1502,blonde
HAIR_1503,red
HAIR_1504,red
HAIR_1505,blonde
HAIR_1506,blonde
HAIR_1507,black
HAIR_1508,red
HAIR_1509,red
HAIR_1510,blonde
HAIR_1511,red
HAIR_1512,red
HAIR_1513,blonde
HAIR_1514,blonde
HAIR_1515,red
HAIR_1516,red
HAIR_1517,red
HAIR_1518,blonde
HAIR_1519,red
HAIR_1520,brown
HAIR_1521,red
HAIR_1522,red
HAIR_1523,brown
HAIR_1524,red
HAIR_1525,brown
HAIR_1526,blonde
HAIR_1527,blonde
HAIR_1528,red
HAIR_1529,blonde
HAIR_1530,red
HAIR_1531,blonde
HAIR_1532,blonde
HAIR_1533,blonde
HAIR_1534,red
HAIR_1535,brown
HAIR_1536,red
HAIR_1537,brown
HAIR_1538,red
HAIR_1539,blonde
HAIR_1540,red
HAIR_1541,blonde
HAIR_1542,brown
HAIR_1543,red
HAIR_1544,blonde
HAIR_1545,blonde
HAIR_1546,red
HAIR_1547,blonde
HAIR_1548,red
HAIR_1549,blonde
HAIR_1550,blonde
HAIR_1551,blonde
HAIR_1552,blonde
HAIR_1553,red
HAIR_1554,blonde
HAIR_1555,red
HAIR_1556,red
HAIR_1557,blonde
HAIR_1558,blonde
HAIR_1559,red
HAIR_1560,blonde
HAIR_1561,blonde
HAIR_1562,red
HAIR_1563,red
HAIR_1564,blonde
HAIR_1565,blonde
HAIR_1566,brown
HAIR_1567,red
HAIR_1568,red
HAIR_1569,red
HAIR_1570,red
HAIR_1571,red
HAIR_1572,blonde
HAIR_1573,red
HAIR_1574,red
HAIR_1575,red
HAIR_1576,red
HAIR_1577,blonde
HAIR_1578,red
HAIR_1579,red
HAIR_1580,red
HAIR_1581,red
HAIR_1582,blonde
HAIR_1583,blonde
HAIR_1584,red
HAIR_1585,red
HAIR_1586,blonde
HAIR_1587,red
HAIR_1588,blonde
HAIR_1589,blonde
HAIR_1590,red
HAIR_1591,red
HAIR_1592,red
HAIR_1593,blonde
HAIR_1594,brown
HAIR_1595,brown
HAIR_1596,red
HAIR_1597,red
HAIR_1598,blonde
HAIR_1599,red
HAIR_1600,red
HAIR_1601,red
HAIR_1602,red
HAIR_1603,blonde
HAIR_1604,red
HAIR_1605,red
HAIR_1606,brown
HAIR_1607,red
HAIR_1608,red
HAIR_1609,red
HAIR_1610,blonde
HAIR_1611,red
HAIR_1612,red
HAIR_1613,red
HAIR_1614,blonde
HAIR_1615,red
HAIR_1616,red
HAIR_1617,brown
HAIR_1618,red
HAIR_1619,blonde
HAIR_1620,red
HAIR_1621,red
HAIR_1622,blonde
HAIR_1623,red
HAIR_1624,red
HAIR_1625,red
HAIR_1626,blonde
HAIR_1627,red
HAIR_1628,red
HAIR_1629,blonde
HAIR_1630,red
HAIR_1631,red
HAIR_1632,blonde
HAIR_1633,blonde
HAIR_1634,red
HAIR_1635,red
HAIR_1636,red
HAIR_1637,red
HAIR_1638,red
HAIR_1639,red
HAIR_1640,blonde
HAIR_1641,red
HAIR_1642,blonde
HAIR_1643,red
HAIR_1644,red
HAIR_1645,red
HAIR_1646,blonde
HAIR_1647,brown
HAIR_1648,red
HAIR_1649,red
HAIR_1650,blonde
HAIR_1651,blonde
HAIR_1652,red
HAIR_1653,blonde
HAIR_1654,blonde
HAIR_1655,red
HAIR_1656,red
HAIR_1657,blonde
HAIR_1658,red
HAIR_1659,red
HAIR_1660,red
HAIR_1661,blonde
HAIR_1662,red
HAIR_1663,red
HAIR_1664,blonde
HAIR_1665,red
HAIR_1666,red
HAIR_1667,red
HAIR_1668,red
HAIR_1669,red
HAIR_1670,red
HAIR_1671,red
HAIR_1672,red
HAIR_1673,red
HAIR_1674,red
HAIR_1675,red
HAIR_1676,blonde
HAIR_1677,blonde
HAIR_1678,blonde
HAIR_1679,red
HAIR_1680,red
HAIR_1681,red
HAIR_1682,blonde
HAIR_1683,blonde
HAIR_1684,blonde
HAIR_1685,red
HAIR_1686,brown
HAIR_1687,blonde
HAIR_1688,blonde
HAIR_1689,red
HAIR_1690,blonde
HAIR_1691,red
HAIR_1692,red
HAIR_1693,red
HAIR_1694,red
HAIR_1695,red
HAIR_1696,red
HAIR_1697,red
HAIR_1698,black
HAIR_1699,red
HAIR_1700,blonde
HAIR_1701,red
HAIR_1702,red
HAIR_1703,blonde
HAIR_1704,blonde
HAIR_1705,red
HAIR_1706,red
HAIR_1707,blonde
HAIR_1708,red
HAIR_1709,red
HAIR_1710,blonde
HAIR_1711,red
HAIR_1712,red
HAIR_1713,red
HAIR_1714,blonde
HAIR_1715,red
HAIR_1716,red
HAIR_1717,blonde
HAIR_1718,red
HAIR_1719,red
HAIR_1720,blonde
HAIR_1721,red
HAIR_1722,blonde
HAIR_1723,black
HAIR_1724,blonde
HAIR_1725,brown
HAIR_1726,blonde
HAIR_1727,red
HAIR_1728,red
HAIR_1729,red
HAIR_1730,blonde
HAIR_1731,brown
HAIR_1732,red
HAIR_1733,blonde
HAIR_1734,red
HAIR_1735,red
HAIR_1736,red
HAIR_1737,red
HAIR_1738,blonde
HAIR_1739,blonde
HAIR_1740,blonde
HAIR_1741,red
HAIR_1742,blonde
HAIR_1743,blonde
HAIR_1744,red
HAIR_1745,red
HAIR_1746,blonde
HAIR_1747,brown
HAIR_1748,red
HAIR_1749,blonde
HAIR_1750,red
HAIR_1751,blonde
HAIR_1752,red
HAIR_1753,red
HAIR_1754,red
HAIR_1755,red
HAIR_1756,blonde
HAIR_1757,red
HAIR_1758,blonde
HAIR_1759,blonde
HAIR_1760,blonde
HAIR_1761,red
HAIR_1762,red
HAIR_1763,blonde
HAIR_1764,red
HAIR_1765,brown
HAIR_1766,blonde
HAIR_1767,red
HAIR_1768,red
HAIR_1769,brown
HAIR_1770,blonde
HAIR_1771,brown
HAIR_1772,red
HAIR_1773,red
HAIR_1774,red
HAIR_1775,red
HAIR_1776,blonde
HAIR_1777,blonde
HAIR_1778,red
HAIR_1779,red
HAIR_1780,brown
HAIR_1781,red
HAIR_1782,red
HAIR_1783,brown
HAIR_1784,blonde
HAIR_1785,brown
HAIR_1786,red
HAIR_1787,brown
HAIR_1788,blonde
HAIR_1789,brown
HAIR_1790,red
HAIR_1791,red
HAIR_1792,red
HAIR_1793,red
HAIR_1794,red
HAIR_1795,red
HAIR_1796,red
HAIR_1797,blonde
HAIR_1798,red
HAIR_1799,black
HAIR_1800,red
HAIR_1801,red
HAIR_1802,blonde
HAIR_1803,blonde
HAIR_1804,red
HAIR_1805,red
HAIR_1806,red
HAIR_1807,blonde
HAIR_1808,blonde
HAIR_1809,blonde
HAIR_1810,blonde
HAIR_1811,red
HAIR_1812,red
HAIR_1813,red
HAIR_1814,blonde
HAIR_1815,blonde
HAIR_1816,brown
HAIR_1817,red
HAIR_1818,brown
HAIR_1819,red
HAIR_1820,brown
HAIR_1821,red
HAIR_1822,red
HAIR_1823,blonde
HAIR_1824,red
HAIR_1825,red
HAIR_1826,red
HAIR_1827,blonde
HAIR_1828,red
HAIR_1829,red
HAIR_1830,black
HAIR_1831,blonde
HAIR_1832,brown
HAIR_1833,red
HAIR_1834,blonde
HAIR_1835,red
HAIR_1836,red
HAIR_1837,blonde
HAIR_1838,red
HAIR_1839,blonde
HAIR_1840,brown
HAIR_1841,blonde
HAIR_1842,red
HAIR_1843,red
HAIR_1844,red
HAIR_1845,red
HAIR_1846,red
HAIR_1847,red
HAIR_1848,blonde
HAIR_1849,red
HAIR_1850,blonde
HAIR_1851,blonde
HAIR_1852,red
HAIR_1853,red
HAIR_1854,brown
HAIR_1855,blonde
HAIR_1856,red
HAIR_1857,red
HAIR_1858,red
HAIR_1859,red
HAIR_1860,blonde
HAIR_1861,red
HAIR_1862,blonde
HAIR_1863,brown
HAIR_1864,red
HAIR_1865,red
HAIR_1866,red
HAIR_1867,blonde
HAIR_1868,red
HAIR_1869,blonde
HAIR_1870,red
HAIR_1871,blonde
HAIR_1872,blonde
HAIR_1873,red
HAIR_1874,red
HAIR_1875,brown
HAIR_1876,black
HAIR_1877,blonde
HAIR_1878,red
HAIR_1879,red
HAIR_1880,red
HAIR_1881,red
HAIR_1882,blonde
HAIR_1883,blonde
HAIR_1884,red
HAIR_1885,blonde
HAIR_1886,blonde
HAIR_1887,red
HAIR_1888,red
HAIR_1889,blonde
HAIR_1890,red
HAIR_1891,blonde
HAIR_1892,blonde
HAIR_1893,blonde
HAIR_1894,red
HAIR_1895,blonde
HAIR_1896,brown
HAIR_1897,blonde
HAIR_1898,red
HAIR_1899,blonde
HAIR_1900,red
HAIR_1901,brown
HAIR_1902,blonde
HAIR_1903,red
HAIR_1904,blonde
HAIR_1905,red
HAIR_1906,red
HAIR_1907,red
HAIR_1908,blonde
HAIR_1909,blonde
HAIR_1910,blonde
HAIR_1911,red
HAIR_1912,brown
HAIR_1913,brown
HAIR_1914,blonde
HAIR_1915,blonde
HAIR_1916,blonde
HAIR_1917,brown
HAIR_1918,blonde
HAIR_1919,red
HAIR_1920,blonde
HAIR_1921,blonde
HAIR_1922,brown
HAIR_1923,blonde
HAIR_1924,blonde
HAIR_1925,red
HAIR_1926,red
HAIR_1927,blonde
HAIR_1928,red
HAIR_1929,blonde
HAIR_1930,red
HAIR_1931,red
HAIR_1932,red
HAIR_1933,red
HAIR_1934,blonde
HAIR_1935,red
HAIR_1936,brown
HAIR_1937,red
HAIR_1938,red
HAIR_1939,red
HAIR_1940,red
HAIR_1941,brown
HAIR_1942,red
HAIR_1943,red
HAIR_1944,blonde
HAIR_1945,black
HAIR_1946,blonde
HAIR_1947,red
HAIR_1948,red
HAIR_1949,brown
HAIR_1950,red
HAIR_1951,red
HAIR_1952,blonde
HAIR_1953,red
HAIR_1954,red
HAIR_1955,red
HAIR_1956,red
HAIR_1957,brown
HAIR_1958,red
HAIR_1959,red
HAIR_1960,red
HAIR_1961,blonde
HAIR_1962,blonde
HAIR_1963,red
HAIR_1964,blonde
HAIR_1965,red
HAIR_1966,red
HAIR_1967,red
HAIR_1968,brown
HAIR_1969,red
HAIR_1970,blonde
HAIR_1971,brown
HAIR_1972,red
HAIR_1973,red
HAIR_1974,brown
HAIR_1975,red
HAIR_1976,red
HAIR_1977,red
HAIR_1978,blonde
HAIR_1979,red
HAIR_1980,brown
HAIR_1981,red
HAIR_1982,red
HAIR_1983,blonde
HAIR_1984,blonde
HAIR_1985,red
HAIR_1986,brown
HAIR_1987,blonde
HAIR_1988,red
HAIR_1989,red
HAIR_1990,red
HAIR_1991,blonde
HAIR_1992,red
HAIR_1993,red
HAIR_1994,red
HAIR_1995,red
HAIR_1996,blonde
HAIR_1997,red
HAIR_1998,blonde
HAIR_1999,blonde
HAIR_2000,red
HAIR_2001,red
HAIR_2002,red
HAIR_2003,blonde
HAIR_2004,blonde
HAIR_2005,blonde
HAIR_2006,red
HAIR_2007,brown
HAIR_2008,red
HAIR_2009,red
HAIR_2010,red
HAIR_2011,blonde
HAIR_2012,red
HAIR_2013,red
HAIR_2014,brown
HAIR_2015,red
HAIR_2016,blonde
HAIR_2017,brown
HAIR_2018,blonde
HAIR_2019,red
HAIR_2020,red
HAIR_2021,red
HAIR_2022,blonde
HAIR_2023,red
HAIR_2024,red
HAIR_2025,red
HAIR_2026,red
HAIR_2027,blonde
HAIR_2028,blonde
HAIR_2029,red
HAIR_2030,brown
HAIR_2031,brown
HAIR_2032,red
HAIR_2033,blonde
HAIR_2034,red
HAIR_2035,red
HAIR_2036,blonde
HAIR_2037,red
HAIR_2038,red
HAIR_2039,blonde
HAIR_2040,red
HAIR_2041,red
HAIR_2042,brown
HAIR_2043,blonde
HAIR_2044,red
HAIR_2045,brown
HAIR_2046,red
HAIR_2047,brown
HAIR_2048,red
HAIR_2049,red
HAIR_2050,blonde
HAIR_2051,blonde
HAIR_2052,red
HAIR_2053,red
HAIR_2054,red
HAIR_2055,blonde
HAIR_2056,red
HAIR_2057,brown
HAIR_2058,red
HAIR_2059,red
HAIR_2060,blonde
HAIR_2061,red
HAIR_2062,blonde
HAIR_2063,blonde
HAIR_2064,red
HAIR_2065,blonde
HAIR_2066,red
HAIR_2067,brown
HAIR_2068,brown
HAIR_2069,blonde
HAIR_2070,brown
HAIR_2071,brown
HAIR_2072,red
HAIR_2073,brown
HAIR_2074,red
HAIR_2075,red
HAIR_2076,red
HAIR_2077,blonde
HAIR_2078,brown
HAIR_2079,red
HAIR_2080,red
HAIR_2081,brown
HAIR_2082,brown
HAIR_2083,red
HAIR_2084,brown
HAIR_2085,blonde
HAIR_2086,blonde
HAIR_2087,blonde
HAIR_2088,red
HAIR_2089,brown
HAIR_2090,brown
HAIR_2091,red
HAIR_2092,brown
HAIR_2093,blonde
HAIR_2094,red
HAIR_2095,blonde
HAIR_2096,red
HAIR_2097,red
HAIR_2098,black
HAIR_2099,red
HAIR_2100,red
HAIR_2101,red
HAIR_2102,blonde
HAIR_2103,brown
HAIR_2104,blonde
HAIR_2105,blonde
HAIR_2106,brown
HAIR_2107,blonde
HAIR_2108,blonde
HAIR_2109,blonde
HAIR_2110,red
HAIR_2111,red
HAIR_2112,blonde
HAIR_2113,brown
HAIR_2114,red
HAIR_2115,blonde
HAIR_2116,red
HAIR_2117,red
HAIR_2118,red
HAIR_2119,red
HAIR_2120,blonde
HAIR_2121,blonde
HAIR_2122,blonde
HAIR_2123,blonde
HAIR_2124,blonde
HAIR_2125,red
HAIR_2126,red
HAIR_2127,red
HAIR_2128,red
HAIR_2129,red
HAIR_2130,brown
HAIR_2131,blonde
HAIR_2132,brown
HAIR_2133,blonde
HAIR_2134,red
HAIR_2135,blonde
HAIR_2136,blonde
HAIR_2137,blonde
HAIR_2138,brown
HAIR_2139,red
HAIR_2140,blonde
HAIR_2141,blonde
HAIR_2142,red
HAIR_2143,red
HAIR_2144,blonde
HAIR_2145,red
HAIR_2146,blonde
HAIR_2147,blonde
HAIR_2148,brown
HAIR_2149,brown
HAIR_2150,brown
HAIR_2151,red
HAIR_2152,blonde
HAIR_2153,blonde
HAIR_2154,red
HAIR_2155,blonde
HAIR_2156,red
HAIR_2157,blonde
HAIR_2158,brown
HAIR_2159,red
HAIR_2160,red
HAIR_2161,red
HAIR_2162,red
HAIR_2163,red
HAIR_2164,brown
HAIR_2165,red
HAIR_2166,red
HAIR_2167,red
HAIR_2168,blonde
HAIR_2169,brown
HAIR_2170,blonde
HAIR_2171,brown
HAIR_2172,blonde
HAIR_2173,red
HAIR_2174,red
HAIR_2175,blonde
HAIR_2176,blonde
HAIR_2177,blonde
HAIR_2178,red
HAIR_2179,blonde
HAIR_2180,brown
HAIR_2181,red
HAIR_2182,red
HAIR_2183,red
HAIR_2184,red
HAIR_2185,red
HAIR_2186,red
HAIR_2187,blonde
HAIR_2188,red
HAIR_2189,red
HAIR_2190,blonde
HAIR_2191,red
HAIR_2192,blonde
HAIR_2193,red
HAIR_2194,brown
HAIR_2195,brown
HAIR_2196,red
HAIR_2197,blonde
HAIR_2198,red
HAIR_2199,red
HAIR_2200,red
HAIR_2201,brown
HAIR_2202,red
HAIR_2203,red
HAIR_2204,blonde
HAIR_2205,blonde
HAIR_2206,brown
HAIR_2207,blonde
HAIR_2208,red
HAIR_2209,red
HAIR_2210,blonde
HAIR_2211,blonde
HAIR_2212,red
HAIR_2213,red
HAIR_2214,blonde
HAIR_2215,brown
HAIR_2216,blonde
HAIR_2217,red
HAIR_2218,red
HAIR_2219,brown
HAIR_2220,red
HAIR_2221,red
HAIR_2222,red
HAIR_2223,blonde
HAIR_2224,red
HAIR_2225,red
HAIR_2226,red
HAIR_2227,red
HAIR_2228,red
HAIR_2229,brown
HAIR_2230,brown
HAIR_2231,blonde
HAIR_2232,blonde
HAIR_2233,red
HAIR_2234,blonde
HAIR_2235,red
HAIR_2236,blonde
HAIR_2237,brown
HAIR_2238,red
HAIR_2239,red
HAIR_2240,red
HAIR_2241,blonde
HAIR_2242,red
HAIR_2243,blonde
HAIR_2244,blonde
HAIR_2245,blonde
HAIR_2246,red
HAIR_2247,red
HAIR_2248,blonde
HAIR_2249,blonde
HAIR_2250,red
HAIR_2251,red
HAIR_2252,red
HAIR_2253,red
HAIR_2254,blonde
HAIR_2255,blonde
HAIR_2256,blonde
HAIR_2257,red
HAIR_2258,red
HAIR_2259,red
HAIR_2260,red
HAIR_2261,red
HAIR_2262,red
HAIR_2263,red
HAIR_2264,brown
HAIR_2265,blonde
HAIR_2266,brown
HAIR_2267,red
HAIR_2268,blonde
HAIR_2269,red
HAIR_2270,brown
HAIR_2271,red
HAIR_2272,blonde
HAIR_2273,red
HAIR_2274,blonde
HAIR_2275,brown
HAIR_2276,red
HAIR_2277,blonde
HAIR_2278,brown
HAIR_2279,red
HAIR_2280,red
HAIR_2281,red
HAIR_2282,blonde
HAIR_2283,brown
HAIR_2284,red
HAIR_2285,red
HAIR_2286,red
HAIR_2287,brown
HAIR_2288,blonde
HAIR_2289,red
HAIR_2290,blonde
HAIR_2291,black
HAIR_2292,red
HAIR_2293,red
HAIR_2294,brown
HAIR_2295,brown
HAIR_2296,blonde
HAIR_2297,red
HAIR_2298,red
HAIR_2299,blonde
HAIR_2300,red
HAIR_2301,blonde
HAIR_2302,red
HAIR_2303,red
HAIR_2304,blonde
HAIR_2305,red
HAIR_2306,blonde
HAIR_2307,brown
HAIR_2308,brown
HAIR_2309,blonde
HAIR_2310,red
HAIR_2311,red
HAIR_2312,blonde
HAIR_2313,blonde
HAIR_2314,blonde
HAIR_2315,brown
HAIR_2316,blonde
HAIR_2317,red
HAIR_2318,red
HAIR_2319,blonde
HAIR_2320,red
HAIR_2321,red
HAIR_2322,red
HAIR_2323,red
HAIR_2324,red
HAIR_2325,red
HAIR_2326,blonde
HAIR_2327,blonde
HAIR_2328,blonde
HAIR_2329,red
HAIR_2330,blonde
HAIR_2331,brown
HAIR_2332,red
HAIR_2333,red
HAIR_2334,red
HAIR_2335,red
HAIR_2336,blonde
HAIR_2337,red
HAIR_2338,blonde
HAIR_2339,blonde
HAIR_2340,red
HAIR_2341,red
HAIR_2342,blonde
HAIR_2343,brown
HAIR_2344,red
HAIR_2345,red
HAIR_2346,red
HAIR_2347,blonde
HAIR_2348,blonde
HAIR_2349,black
HAIR_2350,red
HAIR_2351,brown
HAIR_2352,blonde
HAIR_2353,red
HAIR_2354,red
HAIR_2355,red
HAIR_2356,brown
HAIR_2357,blonde
HAIR_2358,blonde
HAIR_2359,red
HAIR_2360,blonde
HAIR_2361,blonde
HAIR_2362,blonde
HAIR_2363,red
HAIR_2364,red
HAIR_2365,blonde
HAIR_2366,red
HAIR_2367,red
HAIR_2368,brown
HAIR_2369,red
HAIR_2370,red
HAIR_2371,red
HAIR_2372,red
HAIR_2373,blonde
HAIR_2374,blonde
HAIR_2375,brown
HAIR_2376,red
HAIR_2377,red
HAIR_2378,red
HAIR_2379,red
HAIR_2380,red
HAIR_2381,brown
HAIR_2382,brown
HAIR_2383,blonde
HAIR_2384,red
HAIR_2385,blonde
HAIR_2386,red
HAIR_2387,blonde
HAIR_2388,blonde
HAIR_2389,red
HAIR_2390,blonde
HAIR_2391,red
HAIR_2392,red
HAIR_2393,red
HAIR_2394,brown
HAIR_2395,red
HAIR_2396,red
HAIR_2397,brown
HAIR_2398,brown
HAIR_2399,red
HAIR_2400,red
HAIR_2401,blonde
HAIR_2402,brown
HAIR_2403,blonde
HAIR_2404,red
HAIR_2405,blonde
HAIR_2406,blonde
HAIR_2407,red
HAIR_2408,red
HAIR_2409,red
HAIR_2410,red
HAIR_2411,brown
HAIR_2412,red
HAIR_2413,blonde
HAIR_2414,blonde
HAIR_2415,brown
HAIR_2416,red
HAIR_2417,blonde
HAIR_2418,red
HAIR_2419,red
HAIR_2420,brown
HAIR_2421,brown
HAIR_2422,blonde
HAIR_2423,red
HAIR_2424,blonde
HAIR_2425,brown
HAIR_2426,red
HAIR_2427,red
HAIR_2428,blonde
HAIR_2429,blonde
HAIR_2430,blonde
HAIR_2431,blonde
HAIR_2432,blonde
HAIR_2433,brown
HAIR_2434,blonde
HAIR_2435,blonde
HAIR_2436,red
HAIR_2437,red
HAIR_2438,blonde
HAIR_2439,red
HAIR_2440,brown
HAIR_2441,red
HAIR_2442,blonde
HAIR_2443,blonde
HAIR_2444,red
HAIR_2445,red
HAIR_2446,red
HAIR_2447,red
HAIR_2448,red
HAIR_2449,brown
HAIR_2450,blonde
HAIR_2451,brown
HAIR_2452,red
HAIR_2453,brown
HAIR_2454,red
HAIR_2455,brown
HAIR_2456,red
HAIR_2457,blonde
HAIR_2458,red
HAIR_2459,red
HAIR_2460,red
HAIR_2461,red
HAIR_2462,red
HAIR_2463,red
HAIR_2464,brown
HAIR_2465,red
HAIR_2466,brown
HAIR_2467,red
HAIR_2468,red
HAIR_2469,red
HAIR_2470,blonde
HAIR_2471,brown
HAIR_2472,brown
HAIR_2473,black
HAIR_2474,blonde
HAIR_2475,brown
HAIR_2476,blonde
HAIR_2477,red
HAIR_2478,blonde
HAIR_2479,blonde
HAIR_2480,blonde
HAIR_2481,blonde
HAIR_2482,red
HAIR_2483,red
HAIR_2484,brown
HAIR_2485,blonde
HAIR_2486,blonde
HAIR_2487,red
HAIR_2488,blonde
HAIR_2489,red
HAIR_2490,blonde
HAIR_2491,red
HAIR_2492,red
HAIR_2493,red
HAIR_2494,blonde
HAIR_2495,red
HAIR_2496,red
HAIR_2497,blonde
HAIR_2498,red
HAIR_2499,red
